,Nomor_Pesanan,Quantity,Harga_Satuan,SALES,STATUS
0,10107,30,95.7,2871.0,Shipped
1,10121,34,81.35,2765.9,Shipped
2,10134,41,94.74,3884.34,Shipped
3,10145,45,83.26,3746.7,Shipped
4,10159,49,100.0,5205.27,Shipped
5,10168,36,96.66,3479.76,Shipped
6,10180,29,86.13,2497.77,Shipped
7,10188,48,100.0,5512.32,Shipped
8,10201,22,98.57,2168.54,Shipped
9,10211,41,100.0,4708.44,Shipped
10,10223,37,100.0,3965.66,Shipped
11,10237,35,100.0,2333.12,Shipped
12,10251,28,100.0,3188.64,Shipped
13,10263,34,100.0,3676.76,Shipped
14,10275,45,92.83,4177.35,Shipped
15,10285,36,100.0,4099.68,Shipped
16,10299,23,100.0,2597.39,Shipped
17,10309,41,100.0,4394.38,Shipped
18,10318,46,94.74,4358.04,Shipped
19,10329,42,100.0,4396.14,Shipped
20,10341,41,100.0,7737.93,Shipped
21,10361,20,72.55,1451.0,Shipped
22,10375,21,34.91,733.11,Shipped
23,10388,42,76.36,3207.12,Shipped
24,10403,24,100.0,2434.56,Shipped
25,10417,66,100.0,7516.08,Disputed
26,10103,26,100.0,5404.62,Shipped
27,10112,29,100.0,7209.11,Shipped
28,10126,38,100.0,7329.06,Shipped
29,10140,37,100.0,7374.1,Shipped
30,10150,45,100.0,10993.5,Shipped
31,10163,35,100.0,4860.24,Shipped
32,10174,34,100.0,8014.82,Shipped
33,10183,23,100.0,5372.57,Shipped
34,10194,42,100.0,7290.36,Shipped
35,10206,47,100.0,9064.89,Shipped
36,10215,35,100.0,6075.3,Shipped
37,10228,29,100.0,6463.23,Shipped
38,10245,34,100.0,6120.34,Shipped
39,10258,32,100.0,7680.64,Shipped
40,10270,21,100.0,4905.39,Shipped
41,10280,34,100.0,8014.82,Shipped
42,10291,37,100.0,7136.19,Shipped
43,10304,47,100.0,10172.7,Shipped
44,10312,48,100.0,11623.7,Shipped
45,10322,40,100.0,6000.4,Shipped
46,10333,26,100.0,3003.0,Shipped
47,10347,30,100.0,3944.7,Shipped
48,10357,32,100.0,5691.84,Shipped
49,10369,41,100.0,4514.92,Shipped
50,10381,36,100.0,8254.8,Shipped
51,10391,24,100.0,2416.56,Shipped
52,10411,23,100.0,4140.23,Shipped
53,10424,50,100.0,12001.0,In Process
54,10107,39,99.91,3896.49,Shipped
55,10120,29,96.34,2793.86,Shipped
56,10134,27,100.0,3307.77,Shipped
57,10145,37,100.0,5192.95,Shipped
58,10159,37,100.0,5016.83,Shipped
59,10168,27,100.0,3660.93,Shipped
60,10180,42,100.0,4695.6,Shipped
61,10188,38,96.34,3660.92,Shipped
62,10201,24,100.0,3025.92,Shipped
63,10210,23,100.0,3009.09,Shipped
64,10223,47,100.0,5422.39,Shipped
65,10236,22,100.0,2852.08,Shipped
66,10251,44,100.0,5756.52,Shipped
67,10263,40,100.0,4472.0,Shipped
68,10275,22,100.0,2904.44,Shipped
69,10285,47,100.0,6484.59,Shipped
70,10298,39,96.34,3757.26,Shipped
71,10308,34,100.0,4043.96,Shipped
72,10318,45,100.0,5566.5,Shipped
73,10329,20,100.0,3176.0,Shipped
74,10339,40,68.92,2756.8,Shipped
75,10361,26,51.15,1329.9,Shipped
76,10374,39,100.0,5288.01,Shipped
77,10388,50,44.51,2225.5,Shipped
78,10402,45,100.0,5833.8,Shipped
79,10417,45,100.0,5887.35,Disputed
80,10107,27,100.0,6065.55,Shipped
81,10120,46,100.0,9264.86,Shipped
82,10134,31,100.0,7023.98,Shipped
83,10145,33,100.0,5176.38,Shipped
84,10159,22,100.0,4132.7,Shipped
85,10168,20,100.0,4183.0,Shipped
86,10180,41,100.0,8892.9,Shipped
87,10188,45,100.0,8714.7,Shipped
88,10201,49,100.0,8065.89,Shipped
89,10210,34,100.0,6123.4,Shipped
90,10223,49,100.0,9774.03,Shipped
91,10237,39,100.0,7023.9,Shipped
92,10251,43,100.0,7078.23,Shipped
93,10263,41,100.0,8336.94,Shipped
94,10275,36,100.0,6901.92,Shipped
95,10285,27,100.0,5438.07,Shipped
96,10299,29,100.0,6683.34,Shipped
97,10308,20,100.0,4570.4,Shipped
98,10318,37,100.0,7667.14,Shipped
99,10329,26,100.0,5868.2,Shipped
100,10339,39,76.67,2990.13,Shipped
101,10362,22,100.0,3664.1,Shipped
102,10374,22,100.0,3834.38,Shipped
103,10388,21,86.77,1822.17,Shipped
104,10403,66,100.0,11886.6,Shipped
105,10417,56,100.0,9218.16,Disputed
106,10105,50,100.0,7208.0,Shipped
107,10119,46,100.0,5004.8,Shipped
108,10129,33,100.0,4398.24,Shipped
109,10143,49,100.0,5597.76,Shipped
110,10155,32,100.0,4526.08,Shipped
111,10167,44,100.0,5924.16,Cancelled
112,10178,24,100.0,3492.48,Shipped
113,10186,26,100.0,3854.24,Shipped
114,10197,45,100.0,5324.4,Shipped
115,10209,39,100.0,5197.92,Shipped
116,10222,49,100.0,5997.6,Shipped
117,10248,20,100.0,2910.4,Cancelled
118,10261,27,100.0,3378.24,Shipped
119,10273,30,100.0,3508.8,Shipped
120,10283,25,100.0,2992.0,Shipped
121,10295,24,100.0,3427.2,Shipped
122,10307,22,100.0,2692.8,Shipped
123,10316,33,100.0,4128.96,Shipped
124,10325,47,64.93,3051.71,Shipped
125,10337,25,48.05,1201.25,Shipped
126,10350,26,75.47,1962.22,Shipped
127,10359,48,54.68,2624.64,Shipped
128,10373,39,100.0,4046.25,Shipped
129,10384,34,100.0,4846.7,Shipped
130,10395,32,100.0,3370.56,Shipped
131,10400,64,100.0,9661.44,Shipped
132,10414,19,100.0,2764.88,On Hold
133,10103,42,100.0,5398.26,Shipped
134,10114,31,100.0,4305.28,Shipped
135,10126,22,100.0,3347.74,Shipped
136,10140,26,100.0,3188.12,Shipped
137,10150,20,100.0,3191.2,Shipped
138,10164,21,100.0,3536.82,Resolved
139,10175,33,100.0,5362.83,Shipped
140,10183,28,100.0,3433.36,Shipped
141,10194,26,100.0,4263.74,Shipped
142,10207,31,100.0,4076.19,Shipped
143,10217,48,100.0,7020.48,Shipped
144,10229,50,100.0,6426.5,Shipped
145,10245,28,100.0,4591.72,Shipped
146,10259,26,100.0,4033.38,Shipped
147,10270,32,100.0,4302.08,Shipped
148,10281,44,100.0,7020.64,Shipped
149,10291,30,100.0,3855.9,Shipped
150,10305,38,100.0,6680.78,Shipped
151,10313,40,100.0,6678.0,Shipped
152,10322,46,61.99,2851.54,Shipped
153,10334,26,100.0,3188.12,On Hold
154,10347,27,100.0,4428.0,Shipped
155,10357,43,100.0,5780.92,Shipped
156,10370,35,65.63,2297.05,Shipped
157,10381,37,100.0,6231.54,Shipped
158,10391,37,46.9,1735.3,Shipped
159,10411,27,100.0,4427.73,Shipped
160,10425,38,100.0,5894.94,In Process
161,10108,33,100.0,5265.15,Shipped
162,10122,42,100.0,7599.9,Shipped
163,10135,42,100.0,8008.56,Shipped
164,10147,48,100.0,9245.76,Shipped
165,10159,41,100.0,8296.35,Shipped
166,10169,30,100.0,5019.9,Shipped
167,10181,27,100.0,5411.07,Shipped
168,10191,21,100.0,3840.9,Shipped
169,10203,20,100.0,3930.4,Shipped
170,10211,41,100.0,7498.9,Shipped
171,10225,27,100.0,4517.91,Shipped
172,10238,28,100.0,5774.72,Shipped
173,10253,24,100.0,3922.56,Cancelled
174,10266,44,100.0,9160.36,Shipped
175,10276,50,100.0,9631.0,Shipped
176,10287,21,100.0,3432.24,Shipped
177,10300,33,100.0,5521.89,Shipped
178,10310,33,100.0,6934.62,Shipped
179,10320,31,100.0,6876.11,Shipped
180,10329,41,71.47,2930.27,Shipped
181,10341,45,79.65,3584.25,Shipped
182,10363,33,85.39,2817.87,Shipped
183,10375,45,76.0,3420.0,Shipped
184,10389,26,99.04,2575.04,Shipped
185,10419,12,100.0,1961.28,Shipped
186,10105,41,100.0,8690.36,Shipped
187,10117,33,100.0,6034.38,Shipped
188,10127,46,100.0,11279.2,Shipped
189,10142,33,100.0,8023.29,Shipped
190,10153,20,100.0,4904.0,Shipped
191,10165,44,100.0,8594.52,Shipped
192,10176,33,100.0,7474.5,Shipped
193,10185,21,100.0,3883.74,Shipped
194,10196,47,100.0,8887.7,Shipped
195,10208,46,100.0,8602.92,Shipped
196,10220,32,100.0,7181.44,Shipped
197,10231,42,100.0,8378.58,Shipped
198,10247,44,100.0,10606.2,Shipped
199,10272,35,100.0,5818.4,Shipped
200,10282,41,100.0,7071.27,Shipped
201,10293,46,100.0,8411.56,Shipped
202,10306,31,100.0,6570.76,Shipped
203,10314,38,100.0,7975.44,Shipped
204,10325,42,64.0,2688.0,Shipped
205,10336,33,57.22,1888.26,Shipped
206,10348,48,52.36,2513.28,Shipped
207,10359,42,100.0,4764.48,Shipped
208,10371,32,100.0,3560.64,Shipped
209,10382,34,100.0,3823.64,Shipped
210,10395,33,69.12,2280.96,Shipped
211,10413,36,100.0,8677.8,Shipped
212,10103,27,100.0,3394.98,Shipped
213,10113,21,100.0,3415.44,Shipped
214,10126,21,100.0,2439.57,Shipped
215,10140,38,100.0,4829.8,Shipped
216,10150,30,100.0,4100.1,Shipped
217,10164,49,100.0,6563.06,Resolved
218,10174,43,100.0,6817.22,Shipped
219,10183,41,100.0,6163.94,Shipped
220,10194,38,100.0,4933.92,Shipped
221,10206,28,100.0,4056.36,Shipped
222,10216,43,100.0,5759.42,Shipped
223,10229,25,100.0,3451.0,Shipped
224,10245,38,100.0,5920.4,Shipped
225,10258,41,100.0,6668.24,Shipped
226,10270,28,100.0,4094.72,Shipped
227,10281,25,100.0,2938.5,Shipped
228,10291,41,100.0,6387.8,Shipped
229,10304,39,100.0,6396.0,Shipped
230,10313,21,100.0,2669.1,Shipped
231,10322,27,100.0,4784.13,Shipped
232,10333,33,99.21,3273.93,Shipped
233,10347,29,100.0,3586.43,Shipped
234,10357,49,100.0,5960.36,Shipped
235,10370,49,100.0,8470.14,Shipped
236,10381,20,100.0,2952.0,Shipped
237,10391,39,63.2,2464.8,Shipped
238,10411,40,100.0,6232.0,Shipped
239,10424,49,100.0,7969.36,In Process
240,10107,21,100.0,3036.6,Shipped
241,10121,50,100.0,8284.0,Shipped
242,10134,20,100.0,2711.2,Shipped
243,10145,49,100.0,8339.8,Shipped
244,10159,38,100.0,6238.84,Shipped
245,10169,35,100.0,4639.25,Shipped
246,10180,40,100.0,6747.6,Shipped
247,10189,28,100.0,4512.48,Shipped
248,10201,25,100.0,4029.0,Shipped
249,10211,36,100.0,4771.8,Shipped
250,10224,43,100.0,6087.94,Shipped
251,10237,32,100.0,4193.28,Shipped
252,10251,46,100.0,7552.28,Shipped
253,10263,48,100.0,6434.4,Shipped
254,10276,43,100.0,5181.5,Shipped
255,10285,49,100.0,6863.92,Shipped
256,10299,24,100.0,4157.04,Shipped
257,10309,26,100.0,4660.24,Shipped
258,10319,30,100.0,4111.8,Shipped
259,10329,24,100.0,3542.64,Shipped
260,10341,55,100.0,8118.55,Shipped
261,10362,22,100.0,3877.06,Shipped
262,10375,49,78.92,3867.08,Shipped
263,10388,44,100.0,5951.44,Shipped
264,10403,66,100.0,8648.64,Shipped
265,10417,21,100.0,3447.78,Disputed
266,10104,34,100.0,5958.5,Shipped
267,10117,43,100.0,5911.64,Shipped
268,10127,46,100.0,7366.44,Shipped
269,10142,33,100.0,4985.64,Shipped
270,10153,42,100.0,5393.64,Shipped
271,10165,34,100.0,4880.02,Shipped
272,10176,47,100.0,8378.69,Shipped
273,10185,33,100.0,4038.21,Shipped
274,10196,24,100.0,3807.12,Shipped
275,10208,26,100.0,3142.36,Shipped
276,10220,30,100.0,4713.6,Shipped
277,10230,43,100.0,7016.31,Shipped
278,10247,25,100.0,4381.25,Shipped
279,10272,27,100.0,4283.01,Shipped
280,10282,27,100.0,4364.82,Shipped
281,10293,24,100.0,4242.24,Shipped
282,10306,34,100.0,4982.7,Shipped
283,10314,46,100.0,6393.54,Shipped
284,10324,27,54.33,1466.91,Shipped
285,10336,33,100.0,4059.33,Shipped
286,10348,47,100.0,4801.52,Shipped
287,10358,49,55.34,2711.66,Shipped
288,10372,40,100.0,5862.0,Shipped
289,10382,37,100.0,4071.85,Shipped
290,10413,47,100.0,8236.75,Shipped
291,10108,45,100.0,6130.35,Shipped
292,10122,37,99.82,3693.34,Shipped
293,10135,48,100.0,6031.68,Shipped
294,10147,31,100.0,3494.94,Shipped
295,10160,46,100.0,5294.14,Shipped
296,10170,47,100.0,5464.69,Shipped
297,10181,28,100.0,2860.76,Shipped
298,10191,40,100.0,5590.0,Shipped
299,10203,20,100.0,2254.8,Shipped
300,10212,39,100.0,4946.76,Shipped
301,10225,25,99.82,2495.5,Shipped
302,10238,29,100.0,3167.38,Shipped
303,10253,22,100.0,2402.84,Cancelled
304,10266,22,100.0,2454.54,Shipped
305,10276,47,100.0,5464.69,Shipped
306,10287,45,100.0,4756.5,Shipped
307,10300,29,100.0,3984.6,Shipped
308,10310,24,100.0,3100.32,Shipped
309,10320,35,100.0,4850.3,Shipped
310,10329,46,83.63,3846.98,Shipped
311,10341,44,95.93,4220.92,Shipped
312,10363,34,96.73,3288.82,Shipped
313,10376,35,100.0,3987.2,Shipped
314,10389,25,72.38,1809.5,Shipped
315,10419,10,100.0,1092.2,Shipped
316,10105,29,100.0,4566.05,Shipped
317,10117,39,100.0,5938.14,Shipped
318,10127,42,100.0,8138.76,Shipped
319,10142,46,100.0,9470.94,Shipped
320,10153,49,100.0,7036.89,Shipped
321,10165,27,100.0,5559.03,Shipped
322,10176,50,100.0,7872.5,Shipped
323,10185,43,100.0,7886.2,Shipped
324,10196,38,100.0,7232.16,Shipped
325,10208,20,100.0,3114.4,Shipped
326,10220,27,100.0,5045.22,Shipped
327,10231,49,100.0,6952.12,Shipped
328,10247,27,100.0,4157.73,Shipped
329,10272,39,100.0,7962.24,Shipped
330,10282,24,100.0,3778.8,Shipped
331,10293,45,100.0,8253.0,Shipped
332,10306,20,100.0,3633.4,Shipped
333,10314,36,100.0,6913.8,Shipped
334,10325,24,100.0,2583.6,Shipped
335,10336,49,63.38,3105.62,Shipped
336,10349,26,100.0,4408.56,Shipped
337,10359,49,62.09,3042.41,Shipped
338,10372,34,100.0,5941.5,Shipped
339,10382,34,95.35,3241.9,Shipped
340,10396,33,100.0,6109.29,Shipped
341,10413,22,100.0,3387.78,Shipped
342,10108,39,89.38,3485.82,Shipped
343,10122,32,63.84,2042.88,Shipped
344,10135,24,75.01,1800.24,Shipped
345,10147,21,63.84,1340.64,Shipped
346,10159,24,73.42,1762.08,Shipped
347,10169,36,63.84,2298.24,Shipped
348,10181,20,81.4,1628.0,Shipped
349,10191,30,64.64,1939.2,Shipped
350,10203,44,82.99,3651.56,Shipped
351,10211,28,92.57,2591.96,Shipped
352,10225,37,77.41,2864.17,Shipped
353,10238,20,74.21,1484.2,Shipped
354,10253,25,90.17,2254.25,Cancelled
355,10266,35,76.61,2681.35,Shipped
356,10276,38,83.79,3184.02,Shipped
357,10287,41,69.43,2846.63,Shipped
358,10300,22,76.61,1685.42,Shipped
359,10310,49,81.4,3988.6,Shipped
360,10320,38,73.42,2789.96,Shipped
361,10329,33,100.0,3607.56,Shipped
362,10341,36,93.56,3368.16,Shipped
363,10363,34,81.62,2775.08,Shipped
364,10377,24,67.83,1627.92,Shipped
365,10389,36,70.26,2529.36,Shipped
366,10419,34,90.17,3065.78,Shipped
367,10104,41,100.0,4615.78,Shipped
368,10115,46,100.0,5723.78,Shipped
369,10127,24,100.0,2559.6,Shipped
370,10151,24,100.0,3327.6,Shipped
371,10165,48,100.0,6825.6,Shipped
372,10175,26,100.0,3543.28,Shipped
373,10184,37,100.0,4516.22,Shipped
374,10195,49,100.0,6445.46,Shipped
375,10207,34,99.54,3384.36,Shipped
376,10219,48,100.0,4891.68,Shipped
377,10229,36,100.0,4521.96,Shipped
378,10246,46,100.0,5069.66,Shipped
379,10259,46,100.0,6541.2,Shipped
380,10271,31,97.17,3012.27,Shipped
381,10281,41,100.0,5247.18,Shipped
382,10292,21,100.0,2214.87,Shipped
383,10305,38,100.0,4773.18,Shipped
384,10314,45,100.0,6185.7,Shipped
385,10324,26,58.38,1517.88,Shipped
386,10336,38,100.0,6372.6,Shipped
387,10349,48,100.0,5232.96,Shipped
388,10358,42,64.16,2694.72,Shipped
389,10371,49,35.71,1749.79,Shipped
390,10382,32,66.58,2130.56,Shipped
391,10412,54,100.0,5951.34,Shipped
392,10425,33,100.0,4692.6,In Process
393,10108,36,100.0,3731.04,Shipped
394,10122,20,100.0,2142.0,Shipped
395,10135,29,97.89,2838.81,Shipped
396,10147,33,97.89,3230.37,Shipped
397,10160,50,100.0,5182.0,Shipped
398,10170,41,100.0,4391.1,Shipped
399,10181,36,100.0,4477.32,Shipped
400,10192,27,100.0,3544.56,Shipped
401,10203,47,100.0,5195.85,Shipped
402,10212,33,100.0,4180.44,Shipped
403,10225,21,100.0,2684.43,Shipped
404,10239,21,93.28,1958.88,Shipped
405,10253,41,100.0,4910.57,Cancelled
406,10266,40,100.0,4468.4,Shipped
407,10277,28,100.0,3127.88,Shipped
408,10287,23,100.0,2675.13,Shipped
409,10300,23,100.0,2807.61,Shipped
410,10310,25,100.0,2504.75,Shipped
411,10321,24,100.0,2984.88,Shipped
412,10329,39,64.74,2524.86,Shipped
413,10341,55,75.2,4136.0,Shipped
414,10363,46,88.45,4068.7,Shipped
415,10377,50,100.0,5182.0,Shipped
416,10389,47,100.0,5243.79,Shipped
417,10405,97,93.28,9048.16,Shipped
418,10419,32,100.0,3832.64,Shipped
419,10103,35,100.0,3920.0,Shipped
420,10113,49,100.0,4916.66,Shipped
421,10126,38,100.0,3857.0,Shipped
422,10140,32,100.0,4181.44,Shipped
423,10150,34,100.0,4641.0,Shipped
424,10164,36,99.17,3570.12,Resolved
425,10174,48,93.34,4480.32,Shipped
426,10183,21,96.84,2033.64,Shipped
427,10194,21,93.34,1960.14,Shipped
428,10206,34,100.0,3966.78,Shipped
429,10215,46,100.0,5152.0,Shipped
430,10228,32,100.0,3360.0,Shipped
431,10245,29,100.0,3451.0,Shipped
432,10258,41,100.0,5453.0,Shipped
433,10270,43,96.84,4164.12,Shipped
434,10280,24,100.0,2800.08,Shipped
435,10291,41,100.0,4687.94,Shipped
436,10304,46,98.0,4508.0,Shipped
437,10312,32,100.0,4181.44,Shipped
438,10322,22,100.0,2251.04,Shipped
439,10333,29,40.25,1167.25,Shipped
440,10347,42,49.6,2083.2,Shipped
441,10357,39,98.0,3822.0,Shipped
442,10370,27,100.0,3911.49,Shipped
443,10381,48,98.0,4704.0,Shipped
444,10391,29,85.1,2467.9,Shipped
445,10411,27,100.0,3213.0,Shipped
446,10424,54,100.0,7182.0,In Process
447,10109,26,100.0,4379.18,Shipped
448,10122,34,100.0,5004.8,Shipped
449,10136,25,100.0,3644.75,Shipped
450,10148,23,100.0,2702.04,Shipped
451,10161,28,100.0,3764.88,Shipped
452,10171,35,100.0,4508.0,Shipped
453,10181,44,100.0,5418.16,Shipped
454,10192,22,100.0,3300.66,Shipped
455,10204,42,100.0,6182.4,Shipped
456,10212,29,100.0,4186.73,Shipped
457,10225,32,100.0,4529.28,Shipped
458,10240,41,100.0,5628.89,Shipped
459,10253,26,100.0,3054.48,Cancelled
460,10266,21,100.0,2526.51,Shipped
461,10278,34,100.0,4667.86,Shipped
462,10287,41,100.0,6499.32,Shipped
463,10301,37,100.0,5917.78,Shipped
464,10310,37,100.0,6231.91,Shipped
465,10321,41,100.0,5803.14,Shipped
466,10331,46,100.0,6434.02,Shipped
467,10342,40,100.0,6454.4,Shipped
468,10356,43,97.6,4196.8,Shipped
469,10365,30,87.06,2611.8,Shipped
470,10377,35,100.0,5895.05,Shipped
471,10390,36,93.77,3375.72,Shipped
472,10406,61,100.0,8374.69,Disputed
473,10419,38,100.0,4464.24,Shipped
474,10102,39,100.0,4808.31,Shipped
475,10111,33,99.66,3288.78,Shipped
476,10125,32,100.0,3254.72,Shipped
477,10139,31,100.0,3184.94,Shipped
478,10149,50,100.0,5907.5,Shipped
479,10162,48,91.44,4389.12,Shipped
480,10173,43,100.0,5036.16,Shipped
481,10182,25,87.33,2183.25,Shipped
482,10193,28,100.0,3106.88,Shipped
483,10205,36,100.0,3735.72,Shipped
484,10215,27,89.38,2413.26,Shipped
485,10227,25,100.0,2953.75,Shipped
486,10244,40,100.0,4684.8,Shipped
487,10256,34,95.55,3248.7,Shipped
488,10280,50,100.0,5239.5,Shipped
489,10289,38,100.0,4567.98,Shipped
490,10304,37,95.55,3535.35,Shipped
491,10312,43,89.38,3843.34,Shipped
492,10322,43,86.3,3710.9,Shipped
493,10332,46,95.13,4375.98,Shipped
494,10346,42,36.11,1516.62,Shipped
495,10356,50,50.18,2509.0,Shipped
496,10369,44,100.0,9240.44,Shipped
497,10380,27,93.16,2515.32,Shipped
498,10391,35,100.0,5548.9,Shipped
499,10422,51,95.55,4873.05,In Process
500,10102,41,50.14,2055.74,Shipped
501,10111,48,49.06,2354.88,Shipped
502,10126,42,54.99,2309.58,Shipped
503,10139,49,43.13,2113.37,Shipped
504,10149,30,58.22,1746.6,Shipped
505,10162,45,51.21,2304.45,Shipped
506,10173,48,44.21,2122.08,Shipped
507,10182,32,54.45,1742.4,Shipped
508,10193,46,53.37,2455.02,Shipped
509,10205,48,63.61,3053.28,Shipped
510,10215,33,43.13,1423.29,Shipped
511,10227,31,48.52,1504.12,Shipped
512,10244,20,58.22,1164.4,Shipped
513,10256,29,51.75,1500.75,Shipped
514,10280,27,57.68,1557.36,Shipped
515,10289,24,56.07,1345.68,Shipped
516,10304,37,48.52,1795.24,Shipped
517,10312,25,44.21,1105.25,Shipped
518,10322,41,57.68,2364.88,Shipped
519,10332,27,89.89,2427.03,Shipped
520,10347,21,58.95,1237.95,Shipped
521,10356,22,72.41,1593.02,Shipped
522,10369,32,98.63,3156.16,Shipped
523,10381,25,52.83,1320.75,Shipped
524,10391,42,100.0,4998.0,Shipped
525,10422,25,51.75,1293.75,In Process
526,10110,37,100.0,5433.08,Shipped
527,10123,26,100.0,3073.72,Shipped
528,10137,44,99.55,4380.2,Shipped
529,10148,47,100.0,5848.68,Shipped
530,10161,43,100.0,6153.73,Shipped
531,10172,42,100.0,4965.24,Shipped
532,10181,42,100.0,5435.64,Shipped
533,10192,29,100.0,4258.36,Shipped
534,10204,40,100.0,4032.0,Shipped
535,10212,38,100.0,4492.36,Shipped
536,10226,38,100.0,4161.38,Shipped
537,10241,21,100.0,2508.66,Shipped
538,10253,24,100.0,3374.88,Cancelled
539,10266,36,100.0,5196.6,Shipped
540,10278,23,100.0,2604.52,Shipped
541,10288,20,100.0,2936.8,Shipped
542,10301,32,100.0,3424.64,Shipped
543,10311,29,100.0,2923.2,Shipped
544,10321,44,100.0,4489.76,Shipped
545,10331,44,100.0,4849.24,Shipped
546,10343,36,100.0,5848.92,Shipped
547,10367,49,56.3,2758.7,Resolved
548,10378,34,42.64,1449.76,Shipped
549,10407,59,100.0,7048.14,On Hold
550,10419,37,100.0,5202.94,Shipped
551,10106,36,100.0,5279.4,Shipped
552,10119,43,100.0,6916.12,Shipped
553,10131,21,100.0,2781.66,Shipped
554,10143,32,100.0,5248.0,Shipped
555,10155,38,100.0,6531.44,Shipped
556,10167,43,100.0,5763.72,Cancelled
557,10178,42,100.0,6490.68,Shipped
558,10186,32,100.0,6004.8,Shipped
559,10198,42,100.0,7483.98,Shipped
560,10210,31,100.0,5719.5,Shipped
561,10222,49,100.0,6954.08,Shipped
562,10250,45,100.0,8160.3,Shipped
563,10262,49,100.0,6567.96,Cancelled
564,10274,41,100.0,6724.0,Shipped
565,10284,45,100.0,5747.85,Shipped
566,10296,36,100.0,5676.84,Shipped
567,10307,39,100.0,7379.97,Shipped
568,10316,27,100.0,3704.13,Shipped
569,10327,25,100.0,2804.75,Resolved
570,10338,41,100.0,5624.79,Shipped
571,10351,39,99.52,3881.28,Shipped
572,10373,28,57.55,1611.4,Shipped
573,10386,25,54.57,1364.25,Resolved
574,10398,33,100.0,4215.09,Shipped
575,10400,34,100.0,6433.82,Shipped
576,10416,24,100.0,4352.16,Shipped
577,10100,30,100.0,5151.0,Shipped
578,10110,42,100.0,6069.0,Shipped
579,10124,21,100.0,2856.0,Shipped
580,10149,34,100.0,5375.4,Shipped
581,10162,29,100.0,5176.5,Shipped
582,10173,24,100.0,3508.8,Shipped
583,10182,44,100.0,7554.8,Shipped
584,10193,21,100.0,3141.6,Shipped
585,10204,33,100.0,5890.5,Shipped
586,10214,30,100.0,5967.0,Shipped
587,10227,26,100.0,3712.8,Shipped
588,10241,41,100.0,7597.3,Shipped
589,10280,26,100.0,3668.6,Shipped
590,10288,32,100.0,5875.2,Shipped
591,10302,43,100.0,7310.0,Shipped
592,10312,48,100.0,8078.4,Shipped
593,10331,44,74.04,3257.76,Shipped
594,10344,45,100.0,7650.0,Shipped
595,10367,37,100.0,4703.81,Resolved
596,10379,39,100.0,5399.55,Shipped
597,10407,76,100.0,14082.8,On Hold
598,10420,37,100.0,5283.6,In Process
599,10108,38,82.39,3130.82,Shipped
600,10122,43,72.38,3112.34,Shipped
601,10135,48,79.31,3806.88,Shipped
602,10147,26,82.39,2142.14,Shipped
603,10160,38,88.55,3364.9,Shipped
604,10170,20,63.14,1262.8,Shipped
605,10181,22,73.92,1626.24,Shipped
606,10192,45,90.86,4088.7,Shipped
607,10203,45,85.47,3846.15,Shipped
608,10212,20,66.99,1339.8,Shipped
609,10225,47,64.68,3039.96,Shipped
610,10239,46,73.92,3400.32,Shipped
611,10253,23,83.93,1930.39,Cancelled
612,10266,33,74.69,2464.77,Shipped
613,10278,29,90.86,2634.94,Shipped
614,10287,44,82.39,3625.16,Shipped
615,10300,41,92.4,3788.4,Shipped
616,10310,20,91.63,1832.6,Shipped
617,10321,37,78.54,2905.98,Shipped
618,10329,29,100.0,2954.81,Shipped
619,10342,55,65.45,3599.75,Shipped
620,10363,22,100.0,3686.54,Shipped
621,10377,31,67.76,2100.56,Shipped
622,10389,49,79.22,3881.78,Shipped
623,10405,61,73.92,4509.12,Shipped
624,10419,39,83.93,3273.27,Shipped
625,10109,38,100.0,4432.7,Shipped
626,10122,31,100.0,4100.99,Shipped
627,10136,36,100.0,5274.72,Shipped
628,10148,25,100.0,4232.0,Shipped
629,10161,48,100.0,6145.44,Shipped
630,10171,35,100.0,4680.2,Shipped
631,10181,21,100.0,3286.08,Shipped
632,10192,47,100.0,7421.3,Shipped
633,10204,38,100.0,6432.64,Shipped
634,10212,41,100.0,4840.87,Shipped
635,10226,24,100.0,3892.08,Shipped
636,10240,37,100.0,5526.32,Shipped
637,10253,33,100.0,4459.62,Cancelled
638,10266,49,100.0,6203.4,Shipped
639,10278,29,100.0,3754.05,Shipped
640,10287,24,100.0,3516.48,Shipped
641,10301,47,100.0,7488.04,Shipped
642,10310,24,100.0,3448.08,Shipped
643,10321,25,100.0,3734.0,Shipped
644,10331,30,32.47,974.1,Shipped
645,10342,22,100.0,3160.74,Shipped
646,10356,27,64.69,1746.63,Shipped
647,10366,34,100.0,4207.84,Shipped
648,10377,36,100.0,4352.76,Shipped
649,10390,34,43.05,1463.7,Shipped
650,10406,48,100.0,7169.28,Disputed
651,10419,34,100.0,4594.76,Shipped
652,10104,24,100.0,3457.92,Shipped
653,10115,46,100.0,7381.16,Shipped
654,10127,45,100.0,7146.9,Shipped
655,10141,39,100.0,5938.53,Shipped
656,10151,43,100.0,7110.91,Shipped
657,10165,29,100.0,5032.95,Shipped
658,10176,20,100.0,3667.6,Shipped
659,10184,46,100.0,7381.16,Shipped
660,10195,27,100.0,5128.11,Shipped
661,10207,44,100.0,7060.24,Shipped
662,10219,43,100.0,8448.64,Shipped
663,10230,49,100.0,7300.51,Shipped
664,10246,40,100.0,6549.2,Shipped
665,10259,30,100.0,5697.9,Shipped
666,10271,50,100.0,9169.0,Shipped
667,10282,23,100.0,3238.63,Shipped
668,10292,26,100.0,4554.94,Shipped
669,10305,27,100.0,3934.44,Shipped
670,10314,42,100.0,5776.26,Shipped
671,10324,47,100.0,7207.45,Shipped
672,10336,49,100.0,7460.74,Shipped
673,10349,38,100.0,6719.54,Shipped
674,10358,20,100.0,2428.0,Shipped
675,10371,25,100.0,2602.25,Shipped
676,10382,25,88.0,2200.0,Shipped
677,10412,41,100.0,6712.93,Shipped
678,10425,28,100.0,5318.04,In Process
679,10100,50,67.8,3390.0,Shipped
680,10110,32,50.25,1608.0,Shipped
681,10124,42,53.88,2262.96,Shipped
682,10149,24,62.36,1496.64,Shipped
683,10162,27,69.62,1879.74,Shipped
684,10173,26,57.51,1495.26,Shipped
685,10182,38,61.15,2323.7,Shipped
686,10193,42,59.33,2491.86,Shipped
687,10204,23,71.44,1643.12,Shipped
688,10214,21,62.96,1322.16,Shipped
689,10227,28,50.85,1423.8,Shipped
690,10241,33,72.65,2397.45,Shipped
691,10280,25,62.96,1574.0,Shipped
692,10288,28,61.75,1729.0,Shipped
693,10303,46,49.04,2255.84,Shipped
694,10312,30,61.15,1834.5,Shipped
695,10332,38,84.25,3201.5,Shipped
696,10344,40,56.91,2276.4,Shipped
697,10367,45,100.0,8884.8,Resolved
698,10379,27,49.3,1331.1,Shipped
699,10407,42,72.65,3051.3,On Hold
700,10420,36,63.57,2288.52,In Process
701,10104,29,100.0,3772.61,Shipped
702,10114,39,100.0,4164.42,Shipped
703,10127,45,100.0,6295.95,Shipped
704,10141,47,100.0,6287.66,Shipped
705,10151,49,100.0,5412.54,Shipped
706,10165,46,100.0,5984.14,Shipped
707,10175,48,100.0,5891.04,Shipped
708,10184,46,100.0,5984.14,Shipped
709,10195,35,100.0,3608.15,Shipped
710,10207,43,100.0,5752.54,Shipped
711,10229,26,100.0,3765.32,Shipped
712,10246,22,98.18,2159.96,Shipped
713,10259,34,99.41,3379.94,Shipped
714,10271,50,100.0,5093.5,Shipped
715,10281,48,100.0,5773.44,Shipped
716,10292,41,100.0,4528.86,Shipped
717,10305,36,100.0,4816.08,Shipped
718,10313,29,100.0,3416.78,Shipped
719,10324,33,37.48,1236.84,Shipped
720,10334,46,100.0,5814.86,On Hold
721,10349,38,100.0,5223.48,Shipped
722,10358,20,36.42,728.4,Shipped
723,10370,22,100.0,3949.0,Shipped
724,10383,27,100.0,3843.99,Shipped
725,10412,56,98.18,5498.08,Shipped
726,10425,38,99.41,3777.58,In Process
727,10101,25,100.0,3782.0,Shipped
728,10110,33,100.0,3859.68,Shipped
729,10124,42,100.0,4431.84,Shipped
730,10149,33,100.0,4950.33,Shipped
731,10162,38,100.0,4299.7,Shipped
732,10173,31,100.0,4492.83,Shipped
733,10182,20,100.0,2212.0,Shipped
734,10193,44,100.0,4642.88,Shipped
735,10204,26,100.0,3206.32,Shipped
736,10214,27,100.0,3604.23,Shipped
737,10227,46,100.0,7017.76,Shipped
738,10243,47,100.0,6154.18,Shipped
739,10280,37,100.0,4750.8,Shipped
740,10288,31,100.0,3822.92,Shipped
741,10304,24,100.0,2440.8,Shipped
742,10312,31,100.0,4729.36,Shipped
743,10322,50,100.0,12536.5,Shipped
744,10332,35,64.69,2264.15,Shipped
745,10344,30,100.0,3928.2,Shipped
746,10356,29,100.0,3630.22,Shipped
747,10367,27,100.0,4196.07,Resolved
748,10380,40,100.0,4931.6,Shipped
749,10390,31,98.99,3068.69,Shipped
750,10409,6,100.0,785.64,Shipped
751,10420,45,100.0,4977.0,In Process
752,10103,22,54.09,1189.98,Shipped
753,10114,45,68.67,3090.15,Shipped
754,10126,43,65.02,2795.86,Shipped
755,10140,46,61.99,2851.54,Shipped
756,10151,39,69.28,2701.92,Shipped
757,10165,31,71.1,2204.1,Shipped
758,10175,41,69.28,2840.48,Shipped
759,10184,44,60.16,2647.04,Shipped
760,10194,45,70.49,3172.05,Shipped
761,10207,37,69.89,2585.93,Shipped
762,10217,35,61.38,2148.3,Shipped
763,10229,28,59.55,1667.4,Shipped
764,10246,30,61.99,1859.7,Shipped
765,10259,30,49.22,1476.6,Shipped
766,10271,25,69.28,1732.0,Shipped
767,10281,29,57.73,1674.17,Shipped
768,10291,26,57.73,1500.98,Shipped
769,10305,41,53.48,2192.68,Shipped
770,10313,34,52.87,1797.58,Shipped
771,10322,35,61.21,2142.35,Shipped
772,10334,34,61.38,2086.92,On Hold
773,10347,50,100.0,6834.5,Shipped
774,10357,41,61.99,2541.59,Shipped
775,10370,22,96.86,2130.92,Shipped
776,10381,35,48.62,1701.7,Shipped
777,10391,44,38.5,1694.0,Shipped
778,10412,47,61.99,2913.53,Shipped
779,10425,19,49.22,935.18,In Process
780,10106,34,90.39,3073.26,Shipped
781,10120,29,71.81,2082.49,Shipped
782,10133,49,69.27,3394.23,Shipped
783,10145,30,85.32,2559.6,Shipped
784,10168,21,70.96,1490.16,Shipped
785,10210,50,76.88,3844.0,Shipped
786,10223,47,100.0,4724.91,Shipped
787,10235,24,76.03,1824.72,Shipped
788,10250,27,98.84,2668.68,Shipped
789,10263,33,86.17,2843.61,Shipped
790,10275,35,90.39,3163.65,Shipped
791,10284,31,71.81,2226.11,Shipped
792,10297,25,82.79,2069.75,Shipped
793,10308,27,82.79,2235.33,Shipped
794,10318,31,100.0,3116.43,Shipped
795,10327,45,100.0,4781.7,Resolved
796,10339,27,100.0,2810.7,Shipped
797,10353,27,100.0,3515.67,Shipped
798,10374,42,69.27,2909.34,Shipped
799,10386,21,74.77,1570.17,Resolved
800,10398,34,76.88,2613.92,Shipped
801,10401,42,76.03,3193.26,On Hold
802,10416,15,98.84,1482.6,Shipped
803,10107,29,70.87,2055.23,Shipped
804,10120,46,58.15,2674.9,Shipped
805,10134,30,61.78,1853.4,Shipped
806,10145,30,49.67,1490.1,Shipped
807,10159,42,51.48,2162.16,Shipped
808,10168,46,61.18,2814.28,Shipped
809,10180,25,64.2,1605.0,Shipped
810,10188,32,65.42,2093.44,Shipped
811,10201,30,64.81,1944.3,Shipped
812,10210,40,49.67,1986.8,Shipped
813,10223,28,60.57,1695.96,Shipped
814,10236,23,55.72,1281.56,Shipped
815,10251,29,61.18,1774.22,Shipped
816,10263,34,58.75,1997.5,Shipped
817,10275,37,63.6,2353.2,Shipped
818,10285,20,49.06,981.2,Shipped
819,10298,32,48.46,1550.72,Shipped
820,10308,34,52.09,1771.06,Shipped
821,10318,42,52.7,2213.4,Shipped
822,10329,38,100.0,5266.04,Shipped
823,10339,30,62.16,1864.8,Shipped
824,10362,23,49.67,1142.41,Shipped
825,10374,22,53.3,1172.6,Shipped
826,10389,39,100.0,6981.0,Shipped
827,10402,55,55.72,3064.6,Shipped
828,10417,36,61.18,2202.48,Disputed
829,10101,26,100.0,3773.38,Shipped
830,10110,31,100.0,5074.39,Shipped
831,10125,34,100.0,6483.46,Shipped
832,10139,41,100.0,7956.46,Shipped
833,10149,23,100.0,4230.62,Shipped
834,10162,48,100.0,7209.12,Shipped
835,10173,22,100.0,3452.68,Shipped
836,10182,21,100.0,3047.73,Shipped
837,10193,22,100.0,3675.32,Shipped
838,10205,40,100.0,7492.4,Shipped
839,10214,50,100.0,9534.5,Shipped
840,10227,29,100.0,5579.02,Shipped
841,10244,43,100.0,5950.34,Shipped
842,10255,24,100.0,3726.0,Shipped
843,10280,22,100.0,4455.0,Shipped
844,10289,43,100.0,8272.34,Shipped
845,10304,20,100.0,3577.6,Shipped
846,10312,25,100.0,3881.25,Shipped
847,10322,36,100.0,5797.44,Shipped
848,10332,24,52.67,1264.08,Shipped
849,10347,21,100.0,4815.3,Shipped
850,10356,30,100.0,4462.2,Shipped
851,10367,32,94.79,3033.28,Resolved
852,10380,21,47.18,990.78,Shipped
853,10390,26,78.11,2030.86,Shipped
854,10421,35,100.0,5433.75,In Process
855,10109,26,100.0,3157.44,Shipped
856,10123,46,100.0,5161.2,Shipped
857,10137,37,100.0,4346.76,Shipped
858,10148,27,100.0,3528.36,Shipped
859,10161,23,100.0,3187.8,Shipped
860,10172,39,100.0,6023.16,Shipped
861,10181,27,100.0,3884.76,Shipped
862,10192,38,100.0,4965.84,Shipped
863,10204,27,100.0,4169.88,Shipped
864,10212,40,100.0,4910.4,Shipped
865,10226,24,100.0,3231.36,Shipped
866,10241,44,100.0,6853.44,Shipped
867,10253,37,100.0,5177.04,Cancelled
868,10266,20,100.0,2824.8,Shipped
869,10278,39,100.0,4324.32,Shipped
870,10287,44,100.0,5052.96,Shipped
871,10301,22,100.0,3223.44,Shipped
872,10311,43,100.0,5278.68,Shipped
873,10321,27,100.0,2851.2,Shipped
874,10331,26,64.9,1687.4,Shipped
875,10343,25,52.32,1308.0,Shipped
876,10366,49,100.0,6144.6,Shipped
877,10379,29,100.0,5127.2,Shipped
878,10407,41,100.0,6386.16,On Hold
879,10419,55,100.0,7695.6,Shipped
880,10103,27,83.07,2242.89,Shipped
881,10112,23,100.0,2539.89,Shipped
882,10126,31,90.17,2795.27,Shipped
883,10139,46,100.0,5545.76,Shipped
884,10150,47,91.18,4285.46,Shipped
885,10163,31,100.0,3329.09,Shipped
886,10174,46,100.0,5592.22,Shipped
887,10183,37,89.15,3298.55,Shipped
888,10193,28,93.21,2609.88,Shipped
889,10206,37,90.17,3336.29,Shipped
890,10215,49,100.0,5510.05,Shipped
891,10228,24,100.0,2504.4,Shipped
892,10244,30,100.0,3525.6,Shipped
893,10257,50,88.14,4407.0,Shipped
894,10270,31,96.24,2983.44,Shipped
895,10280,46,100.0,5126.24,Shipped
896,10291,47,100.0,5713.79,Shipped
897,10304,46,100.0,4613.8,Shipped
898,10312,37,100.0,3711.1,Shipped
899,10322,33,100.0,3524.73,Shipped
900,10333,31,90.17,2795.27,Shipped
901,10347,48,100.0,4814.4,Shipped
902,10357,41,87.13,3572.33,Shipped
903,10369,42,100.0,4581.36,Shipped
904,10381,41,100.0,4319.76,Shipped
905,10391,32,45.25,1448.0,Shipped
906,10423,10,88.14,881.4,In Process
907,10103,35,57.46,2011.1,Shipped
908,10111,28,64.33,1801.24,Shipped
909,10126,46,73.7,3390.2,Shipped
910,10139,20,71.2,1424.0,Shipped
911,10150,30,49.97,1499.1,Shipped
912,10163,48,69.96,3358.08,Shipped
913,10173,28,53.72,1504.16,Shipped
914,10183,39,68.08,2655.12,Shipped
915,10193,24,51.84,1244.16,Shipped
916,10206,28,67.46,1888.88,Shipped
917,10215,31,58.71,1820.01,Shipped
918,10228,45,63.71,2866.95,Shipped
919,10244,24,58.09,1394.16,Shipped
920,10257,49,53.72,2632.28,Shipped
921,10269,32,63.08,2018.56,Shipped
922,10280,43,68.71,2954.53,Shipped
923,10291,37,50.59,1871.83,Shipped
924,10304,24,64.96,1559.04,Shipped
925,10312,35,53.72,1880.2,Shipped
926,10322,41,29.87,1224.67,Shipped
927,10332,26,100.0,2979.08,Shipped
928,10347,34,64.96,2208.64,Shipped
929,10357,49,70.58,3458.42,Shipped
930,10369,28,44.21,1237.88,Shipped
931,10381,40,68.08,2723.2,Shipped
932,10392,37,59.96,2218.52,Shipped
933,10423,31,53.72,1665.32,In Process
934,10106,41,83.44,3421.04,Shipped
935,10119,21,89.46,1878.66,Shipped
936,10130,40,96.34,3853.6,Shipped
937,10143,46,74.84,3442.64,Shipped
938,10155,44,79.14,3482.16,Shipped
939,10167,46,73.12,3363.52,Cancelled
940,10178,41,81.72,3350.52,Shipped
941,10186,32,89.46,2862.72,Shipped
942,10197,46,87.74,4036.04,Shipped
943,10209,28,100.0,2817.92,Shipped
944,10222,49,94.62,4636.38,Shipped
945,10248,21,73.98,1553.58,Cancelled
946,10262,32,84.3,2697.6,Cancelled
947,10273,34,98.06,3334.04,Shipped
948,10283,21,98.06,2059.26,Shipped
949,10296,21,96.34,2023.14,Shipped
950,10307,31,83.44,2586.64,Shipped
951,10316,21,94.62,1987.02,Shipped
952,10327,25,45.86,1146.5,Resolved
953,10338,28,82.58,2312.24,Shipped
954,10350,43,64.97,2793.71,Shipped
955,10373,22,86.74,1908.28,Shipped
956,10386,37,93.01,3441.37,Resolved
957,10398,28,72.26,2023.28,Shipped
958,10400,30,74.84,2245.2,Shipped
959,10414,44,73.98,3255.12,On Hold
960,10103,25,100.0,2539.5,Shipped
961,10111,43,100.0,4818.15,Shipped
962,10126,30,97.39,2921.7,Shipped
963,10139,20,90.06,1801.2,Shipped
964,10150,26,100.0,2804.36,Shipped
965,10163,40,100.0,4900.8,Shipped
966,10173,31,89.01,2759.31,Shipped
967,10183,22,100.0,2488.2,Shipped
968,10193,23,100.0,2769.89,Shipped
969,10206,30,100.0,3581.4,Shipped
970,10215,49,100.0,5285.14,Shipped
971,10228,31,100.0,3181.53,Shipped
972,10244,29,100.0,3340.51,Shipped
973,10257,37,84.82,3138.34,Shipped
974,10270,38,100.0,4775.08,Shipped
975,10280,29,100.0,3006.43,Shipped
976,10291,23,100.0,2866.26,Shipped
977,10304,26,85.87,2232.62,Shipped
978,10312,38,100.0,4457.02,Shipped
979,10322,48,47.04,2257.92,Shipped
980,10332,40,39.8,1592.0,Shipped
981,10347,45,100.0,4948.2,Shipped
982,10357,44,100.0,5160.76,Shipped
983,10369,21,94.22,1978.62,Shipped
984,10381,35,100.0,4288.2,Shipped
985,10392,29,86.92,2520.68,Shipped
986,10423,21,84.82,1781.22,In Process
987,10105,22,100.0,3065.04,Shipped
988,10117,26,100.0,3551.34,Shipped
989,10128,41,100.0,5544.02,Shipped
990,10142,47,100.0,6034.33,Shipped
991,10153,31,100.0,3641.57,Shipped
992,10166,43,100.0,6930.74,Shipped
993,10177,23,100.0,3675.63,Shipped
994,10185,28,100.0,3442.04,Shipped
995,10196,49,100.0,6893.81,Shipped
996,10208,24,100.0,2622.48,Shipped
997,10221,33,100.0,4417.38,Shipped
998,10232,22,100.0,3606.02,Shipped
999,10248,32,100.0,3802.56,Cancelled
1000,10273,40,100.0,5026.4,Shipped
1001,10282,43,100.0,6695.53,Shipped
1002,10293,24,100.0,2819.28,Shipped
1003,10306,32,100.0,3759.04,Shipped
1004,10314,20,100.0,2731.8,Shipped
1005,10325,24,69.12,1658.88,Shipped
1006,10336,48,100.0,5778.24,Shipped
1007,10350,44,100.0,5191.12,Shipped
1008,10372,28,100.0,3862.88,Shipped
1009,10383,24,61.52,1476.48,Shipped
1010,10396,33,100.0,5273.73,Shipped
1011,10414,41,100.0,4872.03,On Hold
1012,10104,23,100.0,4556.99,Shipped
1013,10109,46,100.0,8257.0,Shipped
1014,10114,48,100.0,8209.44,Shipped
1015,10122,25,100.0,3598.5,Shipped
1016,10127,22,100.0,3837.24,Shipped
1017,10136,41,100.0,8331.61,Shipped
1018,10141,34,100.0,4836.5,Shipped
1019,10148,32,100.0,5418.88,Shipped
1020,10151,21,100.0,3734.01,Shipped
1021,10160,20,100.0,3996.4,Shipped
1022,10165,47,100.0,8754.69,Shipped
1023,10171,39,100.0,5481.45,Shipped
1024,10175,29,100.0,4419.89,Shipped
1025,10181,45,100.0,6324.75,Shipped
1026,10184,28,100.0,4409.72,Shipped
1027,10192,26,100.0,3918.46,Shipped
1028,10195,50,100.0,7620.5,Shipped
1029,10203,48,100.0,8291.04,Shipped
1030,10207,25,100.0,3937.25,Shipped
1031,10212,40,100.0,5554.4,Shipped
1032,10225,43,100.0,6407.86,Shipped
1033,10229,22,100.0,4172.52,Shipped
1034,10239,47,100.0,7083.37,Shipped
1035,10246,36,100.0,7132.68,Shipped
1036,10253,40,100.0,6773.6,Cancelled
1037,10259,27,100.0,3657.69,Shipped
1038,10266,29,100.0,4812.55,Shipped
1039,10271,20,100.0,3928.6,Shipped
1040,10278,42,100.0,6401.22,Shipped
1041,10281,25,100.0,4191.25,Shipped
1042,10287,36,100.0,5852.52,Shipped
1043,10292,21,100.0,2844.87,Shipped
1044,10301,23,100.0,4011.66,Shipped
1045,10305,37,100.0,7455.87,Shipped
1046,10310,48,100.0,8940.96,Shipped
1047,10313,25,100.0,4572.25,Shipped
1048,10321,33,100.0,5700.09,Shipped
1049,10324,27,100.0,3155.49,Shipped
1050,10331,27,100.0,4170.69,Shipped
1051,10334,20,100.0,2878.8,On Hold
1052,10342,30,100.0,5029.5,Shipped
1053,10349,48,100.0,7396.8,Shipped
1054,10358,32,93.49,2991.68,Shipped
1055,10366,34,100.0,6275.72,Shipped
1056,10370,27,56.85,1534.95,Shipped
1057,10377,39,100.0,7264.53,Shipped
1058,10383,47,100.0,6869.05,Shipped
1059,10394,22,100.0,3353.02,Shipped
1060,10405,55,100.0,8289.05,Shipped
1061,10412,60,100.0,11887.8,Shipped
1062,10419,35,100.0,5926.9,Shipped
1063,10425,28,100.0,3793.16,In Process
1064,10105,38,100.0,4330.1,Shipped
1065,10117,21,95.8,2011.8,Shipped
1066,10128,41,100.0,4837.18,Shipped
1067,10142,22,97.81,2151.82,Shipped
1068,10153,29,88.74,2573.46,Shipped
1069,10165,50,100.0,5344.5,Shipped
1070,10177,29,100.0,3070.52,Shipped
1071,10185,49,80.67,3952.83,Shipped
1072,10196,35,100.0,3564.75,Shipped
1073,10208,48,100.0,5614.56,Shipped
1074,10221,23,80.67,1855.41,Shipped
1075,10232,48,95.8,4598.4,Shipped
1076,10248,42,100.0,5082.42,Cancelled
1077,10273,47,100.0,5450.59,Shipped
1078,10282,36,100.0,4174.92,Shipped
1079,10293,22,100.0,2418.24,Shipped
1080,10306,40,91.76,3670.4,Shipped
1081,10314,23,100.0,2481.7,Shipped
1082,10326,32,100.0,3807.68,Shipped
1083,10336,21,100.0,2230.41,Shipped
1084,10350,41,93.04,3814.64,Shipped
1085,10372,25,84.71,2117.75,Shipped
1086,10383,26,100.0,3340.48,Shipped
1087,10396,24,89.75,2154.0,Shipped
1088,10414,48,100.0,5808.48,On Hold
1089,10108,26,68.35,1777.1,Shipped
1090,10122,21,73.17,1536.57,Shipped
1091,10135,45,78.0,3510.0,Shipped
1092,10147,36,86.04,3097.44,Shipped
1093,10159,21,81.21,1705.41,Shipped
1094,10169,32,70.76,2264.32,Shipped
1095,10181,30,82.82,2484.6,Shipped
1096,10191,36,94.88,3415.68,Shipped
1097,10203,33,86.04,2839.32,Shipped
1098,10211,35,78.0,2730.0,Shipped
1099,10225,37,95.69,3540.53,Shipped
1100,10238,41,73.17,2999.97,Shipped
1101,10252,20,76.39,1527.8,Shipped
1102,10265,45,86.84,3907.8,Shipped
1103,10276,38,69.96,2658.48,Shipped
1104,10287,43,70.76,3042.68,Shipped
1105,10300,49,78.8,3861.2,Shipped
1106,10310,27,80.41,2171.07,Shipped
1107,10319,46,73.98,3403.08,Shipped
1108,10329,38,59.1,2245.8,Shipped
1109,10342,25,66.74,1668.5,Shipped
1110,10363,46,60.3,2773.8,Shipped
1111,10378,22,100.0,2464.0,Shipped
1112,10390,40,100.0,5491.6,Shipped
1113,10103,46,100.0,4791.82,Shipped
1114,10111,39,100.0,4178.85,Shipped
1115,10126,38,82.34,3128.92,Shipped
1116,10139,30,100.0,3095.4,Shipped
1117,10149,42,94.25,3958.5,Shipped
1118,10163,43,100.0,4991.44,Shipped
1119,10173,29,95.24,2761.96,Shipped
1120,10182,33,86.31,2848.23,Shipped
1121,10193,32,79.37,2539.84,Shipped
1122,10206,28,87.3,2444.4,Shipped
1123,10215,41,100.0,4555.92,Shipped
1124,10227,33,100.0,3666.96,Shipped
1125,10244,36,84.33,3035.88,Shipped
1126,10257,26,89.29,2321.54,Shipped
1127,10280,34,100.0,3474.46,Shipped
1128,10290,26,96.23,2501.98,Shipped
1129,10304,38,100.0,3958.46,Shipped
1130,10312,33,100.0,3535.95,Shipped
1131,10323,33,91.27,3011.91,Shipped
1132,10333,46,100.0,11336.7,Shipped
1133,10347,26,100.0,2656.94,Shipped
1134,10357,25,100.0,2604.25,Shipped
1135,10369,45,73.08,3288.6,Shipped
1136,10382,50,100.0,8935.5,Shipped
1137,10392,36,100.0,4035.96,Shipped
1138,10423,21,89.29,1875.09,In Process
1139,10108,29,100.0,4049.56,Shipped
1140,10122,21,100.0,2469.39,Shipped
1141,10135,42,100.0,5432.7,Shipped
1142,10147,37,100.0,4405.22,Shipped
1143,10159,25,100.0,3638.0,Shipped
1144,10169,36,100.0,4444.92,Shipped
1145,10181,22,100.0,3395.48,Shipped
1146,10191,23,100.0,3414.58,Shipped
1147,10203,32,100.0,5127.04,Shipped
1148,10211,28,100.0,3745.28,Shipped
1149,10225,27,100.0,4564.08,Shipped
1150,10238,49,100.0,6554.24,Shipped
1151,10252,41,100.0,6749.83,Shipped
1152,10265,49,100.0,8427.02,Shipped
1153,10276,30,100.0,3924.6,Shipped
1154,10287,40,100.0,6761.6,Shipped
1155,10300,23,100.0,3786.49,Shipped
1156,10310,49,100.0,6266.12,Shipped
1157,10320,25,100.0,3491.0,Shipped
1158,10330,37,100.0,4405.22,Shipped
1159,10342,55,100.0,6548.3,Shipped
1160,10355,23,100.0,3177.91,Shipped
1161,10363,24,100.0,4142.64,Shipped
1162,10378,43,96.49,4149.07,Shipped
1163,10390,50,100.0,7397.0,Shipped
1164,10109,47,100.0,6241.6,Shipped
1165,10123,34,100.0,5331.88,Shipped
1166,10137,31,100.0,5124.3,Shipped
1167,10148,28,100.0,3639.44,Shipped
1168,10161,36,100.0,5544.0,Shipped
1169,10172,48,100.0,5493.12,Shipped
1170,10181,39,100.0,5785.26,Shipped
1171,10192,45,100.0,5340.6,Shipped
1172,10204,35,100.0,5735.8,Shipped
1173,10212,45,100.0,6357.6,Shipped
1174,10226,46,100.0,7343.9,Shipped
1175,10240,37,100.0,5959.22,Shipped
1176,10253,31,100.0,4029.38,Cancelled
1177,10266,33,100.0,5035.14,Shipped
1178,10278,31,100.0,4116.8,Shipped
1179,10287,27,100.0,4310.55,Shipped
1180,10301,39,100.0,6446.7,Shipped
1181,10311,32,100.0,3616.64,Shipped
1182,10321,28,100.0,4232.76,Shipped
1183,10331,26,67.91,1765.66,Shipped
1184,10343,44,84.88,3734.72,Shipped
1185,10367,46,100.0,4808.38,Resolved
1186,10379,32,70.83,2266.56,Shipped
1187,10406,65,100.0,10468.9,Disputed
1188,10419,43,100.0,5589.14,Shipped
1189,10108,43,67.77,2914.11,Shipped
1190,10122,35,49.74,1740.9,Shipped
1191,10135,45,50.36,2266.2,Shipped
1192,10146,47,67.14,3155.58,Shipped
1193,10159,21,64.66,1357.86,Shipped
1194,10169,38,68.39,2598.82,Shipped
1195,10180,21,50.36,1057.56,Shipped
1196,10191,43,72.74,3127.82,Shipped
1197,10211,46,54.09,2488.14,Shipped
1198,10224,38,58.44,2220.72,Shipped
1199,10237,26,52.22,1357.72,Shipped
1200,10252,31,52.84,1638.04,Shipped
1201,10264,48,54.71,2626.08,Shipped
1202,10276,33,50.36,1661.88,Shipped
1203,10286,38,57.2,2173.6,Shipped
1204,10299,39,55.95,2182.05,Shipped
1205,10310,42,67.14,2819.88,Shipped
1206,10319,44,59.06,2598.64,Shipped
1207,10330,29,69.63,2019.27,Shipped
1208,10342,26,55.95,1454.7,Shipped
1209,10355,31,53.47,1657.57,Shipped
1210,10363,32,89.12,2851.84,Shipped
1211,10378,28,100.0,4609.64,Shipped
1212,10390,36,100.0,5079.96,Shipped
1213,10403,36,52.22,1879.92,Shipped
1214,10106,41,100.0,4774.86,Shipped
1215,10119,27,99.52,2687.04,Shipped
1216,10130,33,100.0,3423.75,Shipped
1217,10143,34,100.0,3455.76,Shipped
1218,10155,29,100.0,3622.97,Shipped
1219,10167,34,100.0,3599.58,Cancelled
1220,10178,48,100.0,5386.56,Shipped
1221,10186,46,100.0,4918.78,Shipped
1222,10197,22,100.0,2538.8,Shipped
1223,10209,20,100.0,2498.6,Shipped
1224,10222,45,85.75,3858.75,Shipped
1225,10249,46,100.0,5600.5,Shipped
1226,10262,34,100.0,4103.46,Cancelled
1227,10273,50,85.75,4287.5,Shipped
1228,10283,46,100.0,5795.54,Shipped
1229,10296,22,84.7,1863.4,Shipped
1230,10307,48,86.81,4166.88,Shipped
1231,10316,47,86.81,4080.07,Shipped
1232,10328,34,100.0,3815.48,Shipped
1233,10338,45,100.0,5526.45,Shipped
1234,10351,20,100.0,3374.6,Shipped
1235,10373,50,60.49,3024.5,Shipped
1236,10386,22,57.55,1266.1,Resolved
1237,10398,45,100.0,4811.85,Shipped
1238,10400,58,100.0,7307.42,Shipped
1239,10415,51,100.0,6209.25,Disputed
1240,10104,38,100.0,5348.5,Shipped
1241,10117,22,100.0,2780.58,Shipped
1242,10127,25,100.0,3447.0,Shipped
1243,10142,24,100.0,3791.52,Shipped
1244,10152,35,100.0,4524.1,Shipped
1245,10165,28,100.0,3337.6,Shipped
1246,10176,36,100.0,5532.12,Shipped
1247,10185,39,100.0,5096.91,Shipped
1248,10196,27,100.0,4537.08,Shipped
1249,10207,40,100.0,6146.8,Shipped
1250,10220,50,100.0,8258.0,Shipped
1251,10230,42,100.0,7238.28,Shipped
1252,10247,48,100.0,6756.0,Shipped
1253,10272,25,100.0,3734.0,Shipped
1254,10282,31,100.0,4674.8,Shipped
1255,10292,44,100.0,7140.76,Shipped
1256,10306,23,100.0,3600.65,Shipped
1257,10314,29,100.0,4206.74,Shipped
1258,10324,49,100.0,5379.71,Shipped
1259,10337,36,100.0,5679.36,Shipped
1260,10349,34,100.0,4394.84,Shipped
1261,10358,25,100.0,2528.25,Shipped
1262,10372,48,100.0,7031.52,Shipped
1263,10383,38,100.0,5340.9,Shipped
1264,10394,37,100.0,6376.58,Shipped
1265,10413,49,100.0,6896.75,Shipped
1266,10100,22,86.51,1903.22,Shipped
1267,10110,28,89.27,2499.56,Shipped
1268,10124,36,85.59,3081.24,Shipped
1269,10148,34,100.0,3598.22,Shipped
1270,10162,39,100.0,3912.09,Shipped
1271,10173,21,75.46,1584.66,Shipped
1272,10182,36,100.0,3942.72,Shipped
1273,10193,24,97.55,2341.2,Shipped
1274,10204,29,85.59,2482.11,Shipped
1275,10213,38,94.79,3602.02,Shipped
1276,10227,34,100.0,3566.94,Shipped
1277,10241,42,90.19,3787.98,Shipped
1278,10280,35,100.0,3704.05,Shipped
1279,10288,35,80.99,2834.65,Shipped
1280,10302,38,89.27,3392.26,Shipped
1281,10311,41,81.91,3358.31,Shipped
1282,10332,50,100.0,7310.0,Shipped
1283,10344,21,100.0,2203.11,Shipped
1284,10367,43,62.72,2696.96,Resolved
1285,10380,32,100.0,3376.64,Shipped
1286,10407,6,90.19,541.14,On Hold
1287,10420,66,92.95,6134.7,In Process
1288,10105,41,82.5,3382.5,Shipped
1289,10117,23,97.42,2240.66,Shipped
1290,10128,43,92.16,3962.88,Shipped
1291,10142,24,70.22,1685.28,Shipped
1292,10153,22,83.38,1834.36,Shipped
1293,10166,26,73.73,1916.98,Shipped
1294,10177,35,74.6,2611.0,Shipped
1295,10185,47,77.24,3630.28,Shipped
1296,10197,50,100.0,5090.5,Shipped
1297,10208,45,87.77,3949.65,Shipped
1298,10221,39,89.53,3491.67,Shipped
1299,10232,23,89.53,2059.19,Shipped
1300,10248,42,75.48,3170.16,Cancelled
1301,10261,20,89.53,1790.6,Shipped
1302,10273,33,71.09,2345.97,Shipped
1303,10283,34,100.0,3580.88,Shipped
1304,10293,49,100.0,4946.06,Shipped
1305,10306,39,90.4,3525.6,Shipped
1306,10315,36,100.0,3602.16,Shipped
1307,10326,50,86.01,4300.5,Shipped
1308,10337,29,100.0,4498.19,Shipped
1309,10350,30,100.0,3023.1,Shipped
1310,10372,41,86.89,3562.49,Shipped
1311,10383,28,58.58,1640.24,Shipped
1312,10396,45,100.0,4739.4,Shipped
1313,10414,16,75.48,1207.68,On Hold
1314,10103,36,100.0,4228.2,Shipped
1315,10114,41,100.0,4815.45,Shipped
1316,10126,50,100.0,7083.0,Shipped
1317,10140,40,100.0,4601.2,Shipped
1318,10150,49,100.0,6467.02,Shipped
1319,10164,45,100.0,5012.55,Resolved
1320,10175,47,100.0,5121.59,Shipped
1321,10183,21,100.0,2441.04,Shipped
1322,10194,32,100.0,4262.08,Shipped
1323,10207,47,100.0,6658.02,Shipped
1324,10217,38,100.0,4509.08,Shipped
1325,10229,41,100.0,4716.23,Shipped
1326,10245,21,100.0,2390.22,Shipped
1327,10259,41,100.0,4666.62,Shipped
1328,10270,38,100.0,5383.08,Shipped
1329,10281,25,99.29,2482.25,Shipped
1330,10291,48,100.0,5288.64,Shipped
1331,10305,22,99.29,2184.38,Shipped
1332,10313,28,100.0,2881.76,Shipped
1333,10323,47,100.0,6203.06,Shipped
1334,10334,49,100.0,6763.47,On Hold
1335,10347,45,100.0,5884.65,Shipped
1336,10357,28,100.0,3559.64,Shipped
1337,10370,29,57.53,1668.37,Shipped
1338,10382,39,100.0,4890.6,Shipped
1339,10411,46,100.0,5235.72,Shipped
1340,10425,38,100.0,4325.16,In Process
1341,10103,41,47.29,1938.89,Shipped
1342,10113,50,49.81,2490.5,Shipped
1343,10126,43,53.83,2314.69,Shipped
1344,10140,29,43.27,1254.83,Shipped
1345,10150,30,42.76,1282.8,Shipped
1346,10164,25,53.83,1345.75,Resolved
1347,10174,49,44.78,2194.22,Shipped
1348,10183,40,49.3,1972.0,Shipped
1349,10194,41,44.78,1835.98,Shipped
1350,10206,21,53.33,1119.93,Shipped
1351,10215,46,45.28,2082.88,Shipped
1352,10229,39,40.25,1569.75,Shipped
1353,10245,45,59.87,2694.15,Shipped
1354,10258,21,59.87,1257.27,Shipped
1355,10270,44,58.36,2567.84,Shipped
1356,10281,44,59.87,2634.28,Shipped
1357,10291,29,51.82,1502.78,Shipped
1358,10304,34,49.3,1676.2,Shipped
1359,10312,39,56.85,2217.15,Shipped
1360,10324,38,100.0,6832.02,Shipped
1361,10333,24,79.86,1916.64,Shipped
1362,10348,29,100.0,7110.8,Shipped
1363,10358,30,100.0,5302.8,Shipped
1364,10370,20,100.0,2730.0,Shipped
1365,10382,39,100.0,7827.3,Shipped
1366,10411,35,59.87,2095.45,Shipped
1367,10424,26,59.87,1556.62,In Process
1368,10108,44,100.0,5565.12,Shipped
1369,10122,28,100.0,3583.16,Shipped
1370,10135,31,100.0,4705.18,Shipped
1371,10146,29,100.0,4444.54,Shipped
1372,10159,32,100.0,4618.88,Shipped
1373,10169,33,100.0,4910.4,Shipped
1374,10180,44,100.0,5565.12,Shipped
1375,10191,32,100.0,4237.76,Shipped
1376,10211,41,100.0,5673.58,Shipped
1377,10225,35,100.0,5260.15,Shipped
1378,10238,44,100.0,6350.96,Shipped
1379,10252,26,100.0,3559.4,Shipped
1380,10264,20,100.0,2410.6,Shipped
1381,10276,48,100.0,5713.92,Shipped
1382,10287,34,100.0,4300.32,Shipped
1383,10299,49,100.0,7947.31,Shipped
1384,10310,40,100.0,5356.8,Shipped
1385,10319,45,100.0,7901.1,Shipped
1386,10330,50,100.0,6101.0,Shipped
1387,10342,38,100.0,6276.46,Shipped
1388,10355,25,100.0,4203.5,Shipped
1389,10363,28,58.18,1629.04,Shipped
1390,10378,49,67.14,3289.86,Shipped
1391,10390,49,100.0,6862.94,Shipped
1392,10110,42,61.29,2574.18,Shipped
1393,10124,23,57.73,1327.79,Shipped
1394,10148,29,81.25,2356.25,Shipped
1395,10161,25,80.54,2013.5,Shipped
1396,10173,39,71.98,2807.22,Shipped
1397,10182,44,69.84,3072.96,Shipped
1398,10193,25,76.26,1906.5,Shipped
1399,10204,45,76.26,3431.7,Shipped
1400,10213,25,83.39,2084.75,Shipped
1401,10227,37,57.73,2136.01,Shipped
1402,10241,30,66.99,2009.7,Shipped
1403,10267,36,75.55,2719.8,Shipped
1404,10279,26,60.58,1575.08,Shipped
1405,10288,23,73.41,1688.43,Shipped
1406,10302,23,72.7,1672.1,Shipped
1407,10311,25,66.99,1674.75,Shipped
1408,10332,21,100.0,3472.98,Shipped
1409,10344,26,63.43,1649.18,Shipped
1410,10367,44,85.25,3751.0,Resolved
1411,10380,24,100.0,4536.0,Shipped
1412,10407,66,66.99,4421.34,On Hold
1413,10420,36,57.73,2078.28,In Process
1414,10110,36,85.25,3069.0,Shipped
1415,10124,22,77.9,1713.8,Shipped
1416,10148,25,60.26,1506.5,Shipped
1417,10161,37,72.76,2692.12,Shipped
1418,10172,32,75.69,2422.08,Shipped
1419,10182,47,74.22,3488.34,Shipped
1420,10192,37,69.82,2583.34,Shipped
1421,10204,20,62.47,1249.4,Shipped
1422,10212,41,82.31,3374.71,Shipped
1423,10226,21,60.26,1265.46,Shipped
1424,10241,22,76.43,1681.46,Shipped
1425,10267,40,80.1,3204.0,Shipped
1426,10279,32,74.96,2398.72,Shipped
1427,10288,36,66.14,2381.04,Shipped
1428,10301,27,72.02,1944.54,Shipped
1429,10311,26,87.45,2273.7,Shipped
1430,10321,30,70.55,2116.5,Shipped
1431,10332,23,56.84,1307.32,Shipped
1432,10344,29,59.53,1726.37,Shipped
1433,10367,21,60.37,1267.77,Resolved
1434,10380,34,100.0,3441.82,Shipped
1435,10407,26,76.43,1987.18,On Hold
1436,10420,60,64.67,3880.2,In Process
1437,10104,35,55.49,1942.15,Shipped
1438,10115,47,69.36,3259.92,Shipped
1439,10127,20,60.69,1213.8,Shipped
1440,10141,20,54.33,1086.6,Shipped
1441,10152,25,65.31,1632.75,Shipped
1442,10165,25,69.36,1734.0,Shipped
1443,10176,27,68.78,1857.06,Shipped
1444,10184,31,60.11,1863.41,Shipped
1445,10195,44,66.47,2924.68,Shipped
1446,10207,49,46.82,2294.18,Shipped
1447,10220,26,56.07,1457.82,Shipped
1448,10230,36,54.33,1955.88,Shipped
1449,10246,44,52.6,2314.4,Shipped
1450,10259,28,46.82,1310.96,Shipped
1451,10271,45,64.74,2913.3,Shipped
1452,10282,29,46.82,1357.78,Shipped
1453,10292,40,53.75,2150.0,Shipped
1454,10305,45,61.85,2783.25,Shipped
1455,10314,44,53.18,2339.92,Shipped
1456,10324,25,69.16,1729.0,Shipped
1457,10336,45,100.0,5972.4,Shipped
1458,10349,48,47.4,2275.2,Shipped
1459,10358,44,60.76,2673.44,Shipped
1460,10371,25,97.27,2431.75,Shipped
1461,10383,22,91.76,2018.72,Shipped
1462,10394,31,50.29,1558.99,Shipped
1463,10412,21,52.6,1104.6,Shipped
1464,10425,55,46.82,2575.1,In Process
1465,10107,25,100.0,2845.75,Shipped
1466,10120,35,98.05,3431.75,Shipped
1467,10134,35,93.54,3273.9,Shipped
1468,10145,43,95.8,4119.4,Shipped
1469,10159,44,100.0,5355.68,Shipped
1470,10168,50,100.0,5747.5,Shipped
1471,10180,48,100.0,5355.36,Shipped
1472,10188,25,100.0,2535.75,Shipped
1473,10201,39,100.0,4351.23,Shipped
1474,10211,25,90.16,2254.0,Shipped
1475,10223,32,91.29,2921.28,Shipped
1476,10237,20,100.0,2299.0,Shipped
1477,10251,26,100.0,2637.18,Shipped
1478,10263,42,100.0,4307.52,Shipped
1479,10275,21,100.0,2153.76,Shipped
1480,10285,34,100.0,3716.88,Shipped
1481,10299,47,100.0,5455.76,Shipped
1482,10309,21,100.0,2650.62,Shipped
1483,10318,48,100.0,6437.28,Shipped
1484,10329,30,87.78,2633.4,Shipped
1485,10339,27,84.39,2278.53,Shipped
1486,10362,50,96.92,4846.0,Shipped
1487,10374,38,100.0,4197.1,Shipped
1488,10389,45,100.0,4597.65,Shipped
1489,10403,46,100.0,5287.7,Shipped
1490,10417,35,100.0,3550.05,Disputed
1491,10110,29,59.37,1721.73,Shipped
1492,10123,50,59.87,2993.5,Shipped
1493,10137,26,49.81,1295.06,Shipped
1494,10148,47,56.85,2671.95,Shipped
1495,10161,23,53.33,1226.59,Shipped
1496,10172,34,42.76,1453.84,Shipped
1497,10181,34,53.83,1830.22,Shipped
1498,10192,47,53.83,2530.01,Shipped
1499,10204,45,49.81,2241.45,Shipped
1500,10212,45,53.33,2399.85,Shipped
1501,10226,36,43.27,1557.72,Shipped
1502,10241,21,40.25,845.25,Shipped
1503,10266,28,48.3,1352.4,Shipped
1504,10278,35,45.28,1584.8,Shipped
1505,10288,50,52.32,2616.0,Shipped
1506,10301,22,51.32,1129.04,Shipped
1507,10311,45,49.3,2218.5,Shipped
1508,10321,48,42.26,2028.48,Shipped
1509,10332,20,87.96,1759.2,Shipped
1510,10343,27,36.21,977.67,Shipped
1511,10367,38,38.5,1463.0,Resolved
1512,10379,32,100.0,3970.56,Shipped
1513,10407,64,40.25,2576.0,On Hold
1514,10420,37,60.37,2233.69,In Process
1515,10106,28,88.63,2481.64,Shipped
1516,10120,39,100.0,4651.53,Shipped
1517,10133,41,94.1,3858.1,Shipped
1518,10145,40,87.54,3501.6,Shipped
1519,10168,49,100.0,6433.7,Shipped
1520,10210,27,98.48,2658.96,Shipped
1521,10223,34,100.0,3608.76,Shipped
1522,10235,23,96.29,2214.67,Shipped
1523,10250,31,88.63,2747.53,Shipped
1524,10262,34,97.38,3310.92,Cancelled
1525,10275,25,95.2,2380.0,Shipped
1526,10284,22,100.0,2310.88,Shipped
1527,10297,32,100.0,4061.76,Shipped
1528,10308,31,100.0,3493.7,Shipped
1529,10316,25,100.0,2872.25,Shipped
1530,10328,47,87.54,4114.38,Shipped
1531,10339,21,50.65,1063.65,Shipped
1532,10353,28,71.73,2008.44,Shipped
1533,10374,46,94.1,4328.6,Shipped
1534,10386,33,41.71,1376.43,Resolved
1535,10398,43,100.0,5552.16,Shipped
1536,10401,38,96.29,3659.02,On Hold
1537,10416,47,88.63,4165.61,Shipped
1538,10101,45,31.2,1404.0,Shipped
1539,10110,20,35.51,710.2,Shipped
1540,10124,45,37.84,1702.8,Shipped
1541,10149,36,33.19,1194.84,Shipped
1542,10162,37,27.22,1007.14,Shipped
1543,10173,31,31.53,977.43,Shipped
1544,10182,39,36.84,1436.76,Shipped
1545,10193,26,29.21,759.46,Shipped
1546,10205,32,37.17,1189.44,Shipped
1547,10214,20,34.19,683.8,Shipped
1548,10227,42,29.21,1226.82,Shipped
1549,10243,33,29.54,974.82,Shipped
1550,10280,20,28.88,577.6,Shipped
1551,10288,29,38.17,1106.93,Shipped
1552,10304,23,30.2,694.6,Shipped
1553,10312,39,29.54,1152.06,Shipped
1554,10322,20,100.0,2624.0,Shipped
1555,10332,45,81.91,3685.95,Shipped
1556,10344,20,35.18,703.6,Shipped
1557,10356,48,100.0,9720.0,Shipped
1558,10367,23,36.29,834.67,Resolved
1559,10380,32,70.56,2257.92,Shipped
1560,10391,33,100.0,8344.71,Shipped
1561,10409,61,29.54,1801.94,Shipped
1562,10420,45,26.88,1209.6,In Process
1563,10107,38,83.03,3155.14,Shipped
1564,10120,34,83.79,2848.86,Shipped
1565,10134,43,83.03,3570.29,Shipped
1566,10145,47,83.03,3902.41,Shipped
1567,10158,22,67.03,1474.66,Shipped
1568,10168,29,75.41,2186.89,Shipped
1569,10180,28,68.55,1919.4,Shipped
1570,10188,40,91.4,3656.0,Shipped
1571,10201,25,73.88,1847.0,Shipped
1572,10210,30,61.7,1851.0,Shipped
1573,10223,38,69.31,2633.78,Shipped
1574,10236,36,87.6,3153.6,Shipped
1575,10250,32,87.6,2803.2,Shipped
1576,10263,37,62.46,2311.02,Shipped
1577,10275,30,79.98,2399.4,Shipped
1578,10285,39,70.08,2733.12,Shipped
1579,10297,32,65.51,2096.32,Shipped
1580,10308,47,63.22,2971.34,Shipped
1581,10318,26,86.83,2257.58,Shipped
1582,10329,37,94.43,3493.91,Shipped
1583,10340,55,79.98,4398.9,Shipped
1584,10363,21,100.0,3595.62,Shipped
1585,10375,23,100.0,2443.29,Shipped
1586,10389,49,81.4,3988.6,Shipped
1587,10402,59,87.6,5168.4,Shipped
1588,10416,32,87.6,2803.2,Shipped
1589,10105,43,100.0,6341.21,Shipped
1590,10117,41,100.0,5189.78,Shipped
1591,10129,45,100.0,6027.75,Shipped
1592,10142,33,100.0,3366.0,Shipped
1593,10153,40,100.0,5456.4,Shipped
1594,10167,33,100.0,3812.16,Cancelled
1595,10177,50,100.0,6083.0,Shipped
1596,10185,30,100.0,3170.7,Shipped
1597,10197,41,100.0,4534.6,Shipped
1598,10208,35,100.0,4301.15,Shipped
1599,10221,49,100.0,6804.63,Shipped
1600,10232,46,100.0,5652.94,Shipped
1601,10248,48,100.0,6960.48,Cancelled
1602,10261,36,100.0,4512.6,Shipped
1603,10273,22,100.0,2784.76,Shipped
1604,10283,42,100.0,5316.36,Shipped
1605,10293,21,100.0,2941.89,Shipped
1606,10306,29,100.0,3207.4,Shipped
1607,10315,35,100.0,4215.05,Shipped
1608,10326,41,100.0,4333.29,Shipped
1609,10337,29,71.97,2087.13,Shipped
1610,10350,34,50.33,1711.22,Shipped
1611,10372,37,100.0,3910.53,Shipped
1612,10384,28,80.54,2255.12,Shipped
1613,10396,49,100.0,5720.75,Shipped
1614,10414,23,100.0,3335.23,On Hold
1615,10101,46,53.76,2472.96,Shipped
1616,10110,39,44.35,1729.65,Shipped
1617,10124,22,45.25,995.5,Shipped
1618,10149,49,49.28,2414.72,Shipped
1619,10162,43,36.29,1560.47,Shipped
1620,10173,27,41.22,1112.94,Shipped
1621,10182,31,36.74,1138.94,Shipped
1622,10193,20,50.62,1012.4,Shipped
1623,10205,24,38.08,913.92,Shipped
1624,10214,49,47.94,2349.06,Shipped
1625,10227,24,48.38,1161.12,Shipped
1626,10244,39,45.25,1764.75,Shipped
1627,10255,37,45.7,1690.9,Shipped
1628,10280,45,47.49,2137.05,Shipped
1629,10289,45,48.38,2177.1,Shipped
1630,10304,44,39.42,1734.48,Shipped
1631,10312,23,37.63,865.49,Shipped
1632,10322,30,100.0,3500.1,Shipped
1633,10332,26,85.52,2223.52,Shipped
1634,10345,43,53.76,2311.68,Shipped
1635,10356,26,31.86,828.36,Shipped
1636,10367,28,30.59,856.52,Resolved
1637,10380,27,68.35,1845.45,Shipped
1638,10391,24,100.0,4042.08,Shipped
1639,10421,40,45.7,1828.0,In Process
1640,10103,36,100.0,3680.28,Shipped
1641,10114,21,100.0,2925.09,Shipped
1642,10126,27,100.0,3415.77,Shipped
1643,10140,47,100.0,5105.14,Shipped
1644,10151,42,100.0,5098.8,Shipped
1645,10165,32,100.0,4661.76,Shipped
1646,10175,28,100.0,2969.96,Shipped
1647,10184,24,100.0,3496.32,Shipped
1648,10194,49,100.0,5760.93,Shipped
1649,10207,46,100.0,6819.04,Shipped
1650,10217,28,100.0,3148.88,Shipped
1651,10229,48,100.0,5704.32,Shipped
1652,10246,29,100.0,3520.6,Shipped
1653,10259,47,100.0,5285.62,Shipped
1654,10271,43,100.0,5605.05,Shipped
1655,10281,25,100.0,2779.5,Shipped
1656,10291,48,100.0,5398.08,Shipped
1657,10305,24,100.0,3189.6,Shipped
1658,10313,42,100.0,5581.8,Shipped
1659,10324,31,100.0,3820.44,Shipped
1660,10334,42,100.0,5528.04,On Hold
1661,10348,37,100.0,5981.42,Shipped
1662,10358,41,100.0,5684.65,Shipped
1663,10371,20,100.0,3449.4,Shipped
1664,10382,20,100.0,2654.4,Shipped
1665,10412,70,100.0,8498.0,Shipped
1666,10425,49,100.0,5510.54,In Process
1667,10108,35,58.87,2060.45,Shipped
1668,10121,32,76.88,2460.16,Shipped
1669,10135,29,61.64,1787.56,Shipped
1670,10145,27,60.95,1645.65,Shipped
1671,10159,27,80.34,2169.18,Shipped
1672,10169,38,74.11,2816.18,Shipped
1673,10180,35,72.03,2521.05,Shipped
1674,10190,42,76.19,3199.98,Shipped
1675,10211,21,63.72,1338.12,Shipped
1676,10224,37,80.34,2972.58,Shipped
1677,10237,26,79.65,2070.9,Shipped
1678,10252,47,65.8,3092.6,Shipped
1679,10264,37,65.1,2408.7,Shipped
1680,10276,46,75.49,3472.54,Shipped
1681,10285,38,59.56,2263.28,Shipped
1682,10299,33,66.49,2194.17,Shipped
1683,10309,24,56.1,1346.4,Shipped
1684,10319,31,81.73,2533.63,Shipped
1685,10330,42,81.03,3403.26,Shipped
1686,10341,32,100.0,3307.2,Shipped
1687,10355,41,70.65,2896.65,Shipped
1688,10363,43,61.23,2632.89,Shipped
1689,10375,20,100.0,2046.0,Shipped
1690,10390,35,65.13,2279.55,Shipped
1691,10403,27,79.65,2150.55,Shipped
1692,10110,43,78.15,3360.45,Shipped
1693,10124,32,72.7,2326.4,Shipped
1694,10148,21,73.6,1545.6,Shipped
1695,10161,20,100.0,2144.6,Shipped
1696,10172,22,74.51,1639.22,Shipped
1697,10182,36,73.6,2649.6,Shipped
1698,10192,46,83.6,3845.6,Shipped
1699,10204,47,96.32,4527.04,Shipped
1700,10212,45,88.14,3966.3,Shipped
1701,10227,47,88.14,4142.58,Shipped
1702,10241,47,94.5,4441.5,Shipped
1703,10267,38,87.24,3315.12,Shipped
1704,10279,49,79.97,3918.53,Shipped
1705,10288,35,80.87,2830.45,Shipped
1706,10302,49,100.0,5298.86,Shipped
1707,10311,28,93.6,2620.8,Shipped
1708,10321,30,72.7,2181.0,Shipped
1709,10332,39,86.72,3382.08,Shipped
1710,10346,25,100.0,2876.75,Shipped
1711,10368,40,100.0,4107.2,Shipped
1712,10380,36,37.5,1350.0,Shipped
1713,10407,76,94.5,7182.0,On Hold
1714,10420,39,100.0,3933.93,In Process
1715,10104,44,39.6,1742.4,Shipped
1716,10114,24,30.06,721.44,Shipped
1717,10127,39,38.19,1489.41,Shipped
1718,10141,21,42.43,891.03,Shipped
1719,10151,30,40.31,1209.3,Shipped
1720,10165,27,31.82,859.14,Shipped
1721,10175,37,31.12,1151.44,Shipped
1722,10184,42,31.82,1336.44,Shipped
1723,10195,32,28.29,905.28,Shipped
1724,10207,42,29.7,1247.4,Shipped
1725,10219,21,40.31,846.51,Shipped
1726,10229,33,32.88,1085.04,Shipped
1727,10246,49,36.07,1767.43,Shipped
1728,10259,31,33.24,1030.44,Shipped
1729,10271,38,41.72,1585.36,Shipped
1730,10281,20,40.66,813.2,Shipped
1731,10292,39,30.06,1172.34,Shipped
1732,10305,48,31.47,1510.56,Shipped
1733,10314,39,37.13,1448.07,Shipped
1734,10324,30,100.0,3338.1,Shipped
1735,10335,33,37.13,1225.29,Shipped
1736,10349,36,37.13,1336.68,Shipped
1737,10358,36,82.94,2985.84,Shipped
1738,10371,45,100.0,5545.8,Shipped
1739,10383,40,100.0,6089.6,Shipped
1740,10394,46,38.9,1789.4,Shipped
1741,10412,30,36.07,1082.1,Shipped
1742,10425,31,33.24,1030.44,In Process
1743,10106,49,74.68,3659.32,Shipped
1744,10119,41,59.6,2443.6,Shipped
1745,10131,35,67.14,2349.9,Shipped
1746,10143,27,60.97,1646.19,Shipped
1747,10155,23,72.62,1670.26,Shipped
1748,10167,21,69.88,1467.48,Cancelled
1749,10178,34,80.84,2748.56,Shipped
1750,10186,22,69.2,1522.4,Shipped
1751,10198,48,67.82,3255.36,Shipped
1752,10209,43,82.21,3535.03,Shipped
1753,10222,32,81.53,2608.96,Shipped
1754,10249,20,67.82,1356.4,Shipped
1755,10262,24,67.14,1611.36,Cancelled
1756,10274,40,65.08,2603.2,Shipped
1757,10284,30,73.99,2219.7,Shipped
1758,10296,21,71.25,1496.25,Shipped
1759,10307,25,75.36,1884.0,Shipped
1760,10316,34,63.71,2166.14,Shipped
1761,10328,48,58.92,2828.16,Shipped
1762,10339,55,100.0,6214.45,Shipped
1763,10351,25,74.68,1867.0,Shipped
1764,10373,38,70.44,2676.72,Shipped
1765,10386,39,55.96,2182.44,Resolved
1766,10398,28,57.55,1611.4,Shipped
1767,10400,24,61.66,1479.84,Shipped
1768,10415,21,67.82,1424.22,Disputed
1769,10110,46,100.0,5942.28,Shipped
1770,10124,25,93.95,2348.75,Shipped
1771,10148,34,100.0,4392.12,Shipped
1772,10161,25,100.0,2759.75,Shipped
1773,10173,23,100.0,2728.03,Shipped
1774,10182,20,100.0,2395.8,Shipped
1775,10192,23,100.0,3052.33,Shipped
1776,10204,42,100.0,4242.0,Shipped
1777,10213,27,100.0,2790.45,Shipped
1778,10227,33,100.0,4340.49,Shipped
1779,10241,28,98.65,2762.2,Shipped
1780,10267,43,100.0,4645.72,Shipped
1781,10279,48,100.0,5580.96,Shipped
1782,10288,48,100.0,6539.04,Shipped
1783,10302,45,100.0,5548.95,Shipped
1784,10311,43,100.0,4595.41,Shipped
1785,10332,44,42.26,1859.44,Shipped
1786,10346,24,87.24,2093.76,Shipped
1787,10368,31,100.0,4223.13,Shipped
1788,10380,44,36.29,1596.76,Shipped
1789,10407,59,98.65,5820.35,On Hold
1790,10420,55,96.3,5296.5,In Process
1791,10109,29,32.1,930.9,Shipped
1792,10122,39,30.96,1207.44,Shipped
1793,10135,20,35.87,717.4,Shipped
1794,10147,25,42.67,1066.75,Shipped
1795,10160,42,37.0,1554.0,Shipped
1796,10171,36,35.49,1277.64,Shipped
1797,10181,37,42.67,1578.79,Shipped
1798,10192,30,30.59,917.7,Shipped
1799,10203,21,37.0,777.0,Shipped
1800,10212,34,43.42,1476.28,Shipped
1801,10225,42,36.63,1538.46,Shipped
1802,10239,20,44.56,891.2,Shipped
1803,10253,40,42.67,1706.8,Cancelled
1804,10266,34,40.4,1373.6,Shipped
1805,10278,31,38.89,1205.59,Shipped
1806,10287,36,39.65,1427.4,Shipped
1807,10301,48,34.36,1649.28,Shipped
1808,10310,33,41.91,1383.03,Shipped
1809,10321,37,33.23,1229.51,Shipped
1810,10331,27,42.24,1140.48,Shipped
1811,10342,39,40.4,1575.6,Shipped
1812,10355,36,38.52,1386.72,Shipped
1813,10367,36,100.0,5018.4,Resolved
1814,10378,41,100.0,5856.85,Shipped
1815,10390,37,100.0,4894.73,Shipped
1816,10405,47,44.56,2094.32,Shipped
1817,10419,15,42.67,640.05,Shipped
1818,10105,44,72.58,3193.52,Shipped
1819,10119,35,87.62,3066.7,Shipped
1820,10129,41,94.71,3883.11,Shipped
1821,10142,49,98.25,4814.25,Shipped
1822,10154,31,91.17,2826.27,Shipped
1823,10167,20,79.66,1593.2,Cancelled
1824,10177,45,72.58,3266.1,Shipped
1825,10185,33,74.35,2453.55,Shipped
1826,10197,47,83.2,3910.4,Shipped
1827,10208,20,89.4,1788.0,Shipped
1828,10222,47,70.81,3328.07,Shipped
1829,10233,40,94.71,3788.4,Shipped
1830,10248,30,100.0,3053.7,Cancelled
1831,10261,22,91.17,2005.74,Shipped
1832,10273,27,100.0,2796.12,Shipped
1833,10283,34,92.94,3159.96,Shipped
1834,10295,46,84.97,3908.62,Shipped
1835,10306,31,84.08,2606.48,Shipped
1836,10315,24,86.74,2081.76,Shipped
1837,10326,41,85.85,3519.85,Shipped
1838,10339,55,100.0,10758.0,Shipped
1839,10350,30,100.0,3021.0,Shipped
1840,10373,33,57.32,1891.56,Shipped
1841,10384,43,97.87,4208.41,Shipped
1842,10396,27,83.2,2246.4,Shipped
1843,10414,60,100.0,6107.4,On Hold
1844,10110,27,73.62,1987.74,Shipped
1845,10124,49,83.04,4068.96,Shipped
1846,10148,31,73.62,2282.22,Shipped
1847,10161,20,77.05,1541.0,Shipped
1848,10172,24,81.33,1951.92,Shipped
1849,10182,33,94.17,3107.61,Shipped
1850,10192,32,72.77,2328.64,Shipped
1851,10204,40,79.62,3184.8,Shipped
1852,10212,27,79.62,2149.74,Shipped
1853,10227,40,79.62,3184.8,Shipped
1854,10241,26,81.33,2114.58,Shipped
1855,10267,44,96.74,4256.56,Shipped
1856,10279,33,71.06,2344.98,Shipped
1857,10288,34,68.49,2328.66,Shipped
1858,10302,48,74.48,3575.04,Shipped
1859,10311,25,83.04,2076.0,Shipped
1860,10321,39,84.75,3305.25,Shipped
1861,10332,45,34.19,1538.55,Shipped
1862,10346,24,100.0,3325.92,Shipped
1863,10368,46,79.62,3662.52,Shipped
1864,10380,44,79.06,3478.64,Shipped
1865,10407,13,81.33,1057.29,On Hold
1866,10420,35,96.74,3385.9,In Process
1867,10108,30,63.07,1892.1,Shipped
1868,10122,34,50.21,1707.14,Shipped
1869,10135,27,66.13,1785.51,Shipped
1870,10147,30,68.58,2057.4,Shipped
1871,10159,50,69.8,3490.0,Shipped
1872,10169,34,50.21,1707.14,Shipped
1873,10181,23,65.52,1506.96,Shipped
1874,10191,48,60.01,2880.48,Shipped
1875,10203,34,64.9,2206.6,Shipped
1876,10211,48,48.98,2351.04,Shipped
1877,10225,24,50.21,1205.04,Shipped
1878,10238,47,62.45,2935.15,Shipped
1879,10253,24,52.66,1263.84,Cancelled
1880,10266,47,62.45,2935.15,Shipped
1881,10276,20,61.23,1224.6,Shipped
1882,10287,20,67.97,1359.4,Shipped
1883,10300,31,58.78,1822.18,Shipped
1884,10310,38,56.94,2163.72,Shipped
1885,10320,26,61.23,1591.98,Shipped
1886,10331,25,100.0,3078.5,Shipped
1887,10342,48,62.45,2997.6,Shipped
1888,10355,44,62.45,2747.8,Shipped
1889,10363,21,100.0,2447.76,Shipped
1890,10378,46,41.54,1910.84,Shipped
1891,10390,46,52.84,2430.64,Shipped
1892,10419,55,52.66,2896.3,Shipped
1893,10106,31,52.6,1630.6,Shipped
1894,10119,20,72.98,1459.6,Shipped
1895,10131,29,59.18,1716.22,Shipped
1896,10143,33,77.59,2560.47,Shipped
1897,10155,34,55.89,1900.26,Shipped
1898,10167,32,63.12,2019.84,Cancelled
1899,10178,27,73.64,1988.28,Shipped
1900,10186,21,69.04,1449.84,Shipped
1901,10198,27,71.67,1935.09,Shipped
1902,10209,36,77.59,2793.24,Shipped
1903,10222,43,70.35,3025.05,Shipped
1904,10249,25,69.7,1742.5,Shipped
1905,10262,46,70.35,3236.1,Cancelled
1906,10274,24,72.33,1735.92,Shipped
1907,10284,39,71.67,2795.13,Shipped
1908,10296,31,53.92,1671.52,Shipped
1909,10307,22,71.67,1576.74,Shipped
1910,10316,47,76.93,3615.71,Shipped
1911,10328,20,72.98,1459.6,Shipped
1912,10339,29,99.69,2891.01,Shipped
1913,10351,38,68.38,2598.44,Shipped
1914,10361,34,100.0,3871.92,Shipped
1915,10373,46,66.0,3036.0,Shipped
1916,10386,35,63.76,2231.6,Resolved
1917,10398,34,71.67,2436.78,Shipped
1918,10400,38,57.2,2173.6,Shipped
1919,10415,18,69.7,1254.6,Disputed
1920,10110,37,100.0,3724.42,Shipped
1921,10124,43,100.0,5203.0,Shipped
1922,10148,27,100.0,3469.5,Shipped
1923,10161,30,100.0,3148.2,Shipped
1924,10172,22,98.51,2167.22,Shipped
1925,10182,49,100.0,6244.07,Shipped
1926,10192,46,100.0,5566.0,Shipped
1927,10204,48,91.02,4368.96,Shipped
1928,10212,46,87.81,4039.26,Shipped
1929,10226,48,92.09,4420.32,Shipped
1930,10241,27,86.73,2341.71,Shipped
1931,10267,43,100.0,5110.98,Shipped
1932,10279,48,100.0,6168.0,Shipped
1933,10288,41,100.0,4873.26,Shipped
1934,10301,22,96.37,2120.14,Shipped
1935,10311,46,92.09,4236.14,Shipped
1936,10321,21,89.95,1888.95,Shipped
1937,10332,31,37.18,1152.58,Shipped
1938,10346,26,95.88,2492.88,Shipped
1939,10368,20,99.58,1991.6,Shipped
1940,10380,34,100.0,3953.18,Shipped
1941,10407,43,86.73,3729.39,On Hold
1942,10420,26,100.0,2617.16,In Process
1943,10105,50,79.67,3983.5,Shipped
1944,10119,35,90.57,3169.95,Shipped
1945,10129,50,77.99,3899.5,Shipped
1946,10143,23,80.51,1851.73,Shipped
1947,10155,37,67.93,2513.41,Shipped
1948,10167,29,83.86,2431.94,Cancelled
1949,10178,21,72.12,1514.52,Shipped
1950,10186,36,85.54,3079.44,Shipped
1951,10197,22,86.38,1900.36,Shipped
1952,10209,22,89.73,1974.06,Shipped
1953,10222,46,80.51,3703.46,Shipped
1954,10248,23,76.31,1755.13,Cancelled
1955,10262,49,87.21,4273.29,Cancelled
1956,10273,48,83.02,3984.96,Shipped
1957,10283,33,72.96,2407.68,Shipped
1958,10296,22,77.15,1697.3,Shipped
1959,10307,22,91.41,2011.02,Shipped
1960,10316,25,92.25,2306.25,Shipped
1961,10326,20,92.25,1845.0,Shipped
1962,10339,42,59.36,2493.12,Shipped
1963,10350,25,60.34,1508.5,Shipped
1964,10373,23,100.0,2394.3,Shipped
1965,10385,37,85.54,3164.98,Shipped
1966,10396,37,90.57,3351.09,Shipped
1967,10400,42,72.96,3064.32,Shipped
1968,10414,51,76.31,3891.81,On Hold
1969,10108,40,100.0,5448.8,Shipped
1970,10122,43,100.0,5494.97,Shipped
1971,10135,47,100.0,6336.07,Shipped
1972,10147,23,100.0,2906.97,Shipped
1973,10160,35,100.0,4767.7,Shipped
1974,10170,34,100.0,3819.56,Shipped
1975,10181,25,100.0,3861.75,Shipped
1976,10192,45,100.0,6319.35,Shipped
1977,10203,47,100.0,6996.42,Shipped
1978,10212,49,100.0,6949.67,Shipped
1979,10225,40,100.0,4550.0,Shipped
1980,10239,29,100.0,4479.63,Shipped
1981,10253,39,100.0,5148.0,Cancelled
1982,10266,24,100.0,2932.08,Shipped
1983,10278,25,100.0,3159.75,Shipped
1984,10287,36,100.0,4297.32,Shipped
1985,10301,50,100.0,7723.5,Shipped
1986,10310,45,100.0,5497.65,Shipped
1987,10321,26,100.0,4052.88,Shipped
1988,10331,21,100.0,3135.93,Shipped
1989,10342,42,100.0,5013.54,Shipped
1990,10355,32,100.0,5302.72,Shipped
1991,10363,31,94.58,2931.98,Shipped
1992,10378,33,53.27,1757.91,Shipped
1993,10390,45,100.0,6763.05,Shipped
1994,10405,76,100.0,11739.7,Shipped
1995,10419,70,100.0,9240.0,Shipped
1996,10106,50,64.83,3241.5,Shipped
1997,10119,28,70.29,1968.12,Shipped
1998,10131,50,81.89,4094.5,Shipped
1999,10143,28,66.19,1853.32,Shipped
2000,10155,44,77.11,3392.84,Shipped
2001,10168,27,73.02,1971.54,Shipped
2002,10178,30,72.33,2169.9,Shipped
2003,10198,43,66.19,2846.17,Shipped
2004,10210,29,69.6,2018.4,Shipped
2005,10222,48,56.64,2718.72,Shipped
2006,10235,33,60.05,1981.65,Shipped
2007,10250,40,75.06,3002.4,Shipped
2008,10262,48,61.42,2948.16,Cancelled
2009,10275,41,81.89,3357.49,Shipped
2010,10284,21,55.96,1175.16,Shipped
2011,10296,32,71.65,2292.8,Shipped
2012,10308,43,76.43,3286.49,Shipped
2013,10316,30,77.79,2333.7,Shipped
2014,10328,35,76.43,2675.05,Shipped
2015,10339,45,96.92,4361.4,Shipped
2016,10351,34,59.37,2018.58,Shipped
2017,10361,26,100.0,3710.98,Shipped
2018,10373,39,73.0,2847.0,Shipped
2019,10386,41,73.32,3006.12,Resolved
2020,10398,41,68.24,2797.84,Shipped
2021,10401,64,60.05,3843.2,On Hold
2022,10416,18,75.06,1351.08,Shipped
2023,10100,49,34.47,1689.03,Shipped
2024,10110,48,34.47,1654.56,Shipped
2025,10124,46,33.23,1528.58,Shipped
2026,10149,26,38.98,1013.48,Shipped
2027,10162,37,38.98,1442.26,Shipped
2028,10173,35,33.23,1163.05,Shipped
2029,10182,23,42.26,971.98,Shipped
2030,10193,22,41.03,902.66,Shipped
2031,10204,39,33.23,1295.97,Shipped
2032,10214,44,34.88,1534.72,Shipped
2033,10227,27,43.9,1185.3,Shipped
2034,10242,46,36.93,1698.78,Shipped
2035,10280,33,41.85,1381.05,Shipped
2036,10288,33,40.62,1340.46,Shipped
2037,10303,24,40.21,965.04,Shipped
2038,10312,31,35.29,1093.99,Shipped
2039,10332,41,77.24,3166.84,Shipped
2040,10346,22,97.44,2143.68,Shipped
2041,10368,46,37.34,1717.64,Shipped
2042,10380,43,95.03,4086.29,Shipped
2043,10408,15,36.93,553.95,Shipped
2044,10420,15,43.49,652.35,In Process
2045,10104,26,100.0,2921.62,Shipped
2046,10115,44,100.0,5568.64,Shipped
2047,10127,20,96.99,1939.8,Shipped
2048,10141,40,94.62,3784.8,Shipped
2049,10152,23,100.0,2802.09,Shipped
2050,10165,24,99.36,2384.64,Shipped
2051,10176,29,100.0,2915.66,Shipped
2052,10184,49,100.0,5795.72,Shipped
2053,10195,34,100.0,3699.88,Shipped
2054,10207,28,100.0,2980.6,Shipped
2055,10220,37,100.0,5032.74,Shipped
2056,10230,45,100.0,4737.15,Shipped
2057,10246,46,100.0,6311.2,Shipped
2058,10271,22,100.0,3070.54,Shipped
2059,10282,39,100.0,4797.39,Shipped
2060,10292,27,100.0,3832.38,Shipped
2061,10305,36,100.0,4641.48,Shipped
2062,10314,38,100.0,4000.26,Shipped
2063,10325,44,100.0,5325.76,Shipped
2064,10336,31,100.0,4618.69,Shipped
2065,10349,23,100.0,3182.97,Shipped
2066,10359,22,100.0,2603.04,Shipped
2067,10371,28,50.32,1408.96,Shipped
2068,10383,21,93.91,1972.11,Shipped
2069,10394,37,100.0,5207.75,Shipped
2070,10412,31,100.0,4253.2,Shipped
2071,10103,25,100.0,2873.0,Shipped
2072,10111,26,86.68,2253.68,Shipped
2073,10126,34,100.0,3576.12,Shipped
2074,10139,29,100.0,3276.13,Shipped
2075,10149,20,90.57,1811.4,Shipped
2076,10163,42,91.55,3845.1,Shipped
2077,10173,22,100.0,2571.14,Shipped
2078,10183,47,100.0,5035.11,Shipped
2079,10193,20,100.0,2279.0,Shipped
2080,10206,33,97.39,3213.87,Shipped
2081,10215,39,90.57,3532.23,Shipped
2082,10228,33,100.0,3406.59,Shipped
2083,10244,40,86.68,3467.2,Shipped
2084,10257,46,78.89,3628.94,Shipped
2085,10269,48,97.39,4674.72,Shipped
2086,10280,21,78.89,1656.69,Shipped
2087,10290,45,100.0,5171.4,Shipped
2088,10304,33,100.0,3342.57,Shipped
2089,10312,44,100.0,4884.88,Shipped
2090,10324,33,100.0,6267.69,Shipped
2091,10333,39,100.0,4424.16,Shipped
2092,10348,39,50.31,1962.09,Shipped
2093,10358,41,100.0,6847.0,Shipped
2094,10369,40,86.92,3476.8,Shipped
2095,10382,33,100.0,4592.61,Shipped
2096,10423,28,78.89,2208.92,In Process
2097,10106,26,63.76,1657.76,Shipped
2098,10120,29,85.49,2479.21,Shipped
2099,10133,46,77.52,3565.92,Shipped
2100,10145,33,84.77,2797.41,Shipped
2101,10168,48,78.25,3756.0,Shipped
2102,10210,40,71.0,2840.0,Shipped
2103,10223,23,74.62,1716.26,Shipped
2104,10235,40,81.14,3245.6,Shipped
2105,10250,37,74.62,2760.94,Shipped
2106,10263,24,75.35,1808.4,Shipped
2107,10275,27,62.31,1682.37,Shipped
2108,10284,21,71.0,1491.0,Shipped
2109,10297,23,72.45,1666.35,Shipped
2110,10308,44,83.32,3666.08,Shipped
2111,10317,35,83.32,2916.2,Shipped
2112,10328,43,60.86,2616.98,Shipped
2113,10340,40,84.77,3390.8,Shipped
2114,10353,35,89.9,3146.5,Shipped
2115,10361,25,62.46,1561.5,Shipped
2116,10375,43,100.0,10039.6,Shipped
2117,10386,50,63.34,3167.0,Resolved
2118,10398,45,78.25,3521.25,Shipped
2119,10401,52,81.14,4219.28,On Hold
2120,10416,48,74.62,3581.76,Shipped
2121,10108,31,68.71,2130.01,Shipped
2122,10122,29,71.14,2063.06,Shipped
2123,10135,23,87.31,2008.13,Shipped
2124,10147,31,64.67,2004.77,Shipped
2125,10159,23,67.1,1543.3,Shipped
2126,10169,24,94.58,2269.92,Shipped
2127,10180,28,71.14,1991.92,Shipped
2128,10191,44,66.29,2916.76,Shipped
2129,10211,22,92.16,2027.52,Shipped
2130,10225,46,70.33,3235.18,Shipped
2131,10238,22,93.77,2062.94,Shipped
2132,10252,38,87.31,3317.78,Shipped
2133,10264,47,83.27,3913.69,Shipped
2134,10276,48,75.18,3608.64,Shipped
2135,10287,40,88.12,3524.8,Shipped
2136,10299,32,80.84,2586.88,Shipped
2137,10310,49,97.01,4753.49,Shipped
2138,10319,43,85.69,3684.67,Shipped
2139,10331,41,100.0,5715.4,Shipped
2140,10343,30,100.0,3098.7,Shipped
2141,10355,28,95.39,2670.92,Shipped
2142,10363,43,100.0,5154.41,Shipped
2143,10378,41,100.0,4894.17,Shipped
2144,10390,30,82.42,2472.6,Shipped
2145,10103,31,100.0,3224.31,Shipped
2146,10114,32,100.0,3667.52,Shipped
2147,10126,43,96.31,4141.33,Shipped
2148,10140,26,100.0,2829.58,Shipped
2149,10151,27,100.0,3068.55,Shipped
2150,10164,24,100.0,2634.96,Resolved
2151,10175,22,100.0,2436.72,Shipped
2152,10184,46,100.0,4607.36,Shipped
2153,10194,37,97.27,3598.99,Shipped
2154,10207,49,80.9,3964.1,Shipped
2155,10217,21,100.0,2244.9,Shipped
2156,10229,25,100.0,2793.0,Shipped
2157,10245,37,100.0,4133.64,Shipped
2158,10259,45,86.68,3900.6,Shipped
2159,10270,32,85.72,2743.04,Shipped
2160,10281,29,82.83,2402.07,Shipped
2161,10291,26,83.79,2178.54,Shipped
2162,10305,28,100.0,3155.04,Shipped
2163,10313,27,87.64,2366.28,Shipped
2164,10324,20,98.18,1963.6,Shipped
2165,10335,44,100.0,4746.28,Shipped
2166,10348,42,100.0,6386.94,Shipped
2167,10358,41,100.0,4428.0,Shipped
2168,10371,26,100.0,4044.04,Shipped
2169,10382,26,100.0,2708.42,Shipped
2170,10411,26,100.0,2904.72,Shipped
2171,10425,41,86.68,3553.88,In Process
2172,10107,20,92.9,1858.0,Shipped
2173,10120,22,100.0,2461.36,Shipped
2174,10133,23,100.0,2642.01,Shipped
2175,10145,33,93.9,3098.7,Shipped
2176,10168,28,100.0,3244.36,Shipped
2177,10188,44,98.89,4351.16,Shipped
2178,10210,46,79.91,3675.86,Shipped
2179,10223,21,100.0,2475.27,Shipped
2180,10235,41,100.0,4177.49,Shipped
2181,10250,31,100.0,3282.28,Shipped
2182,10263,31,79.91,2477.21,Shipped
2183,10275,23,81.91,1883.93,Shipped
2184,10285,37,98.89,3658.93,Shipped
2185,10297,26,100.0,2856.88,Shipped
2186,10308,24,79.91,1917.84,Shipped
2187,10318,47,100.0,5305.36,Shipped
2188,10329,45,63.91,2875.95,Shipped
2189,10340,55,100.0,6482.85,Shipped
2190,10353,46,81.17,3733.82,Shipped
2191,10363,50,100.0,6576.5,Shipped
2192,10375,37,100.0,6353.27,Shipped
2193,10387,44,94.9,4175.6,Shipped
2194,10401,49,100.0,4992.61,On Hold
2195,10416,45,100.0,4764.6,Shipped
2196,10108,27,43.45,1173.15,Shipped
2197,10122,31,44.66,1384.46,Shipped
2198,10135,33,40.23,1327.59,Shipped
2199,10145,31,35.8,1109.8,Shipped
2200,10159,35,35.4,1239.0,Shipped
2201,10169,26,39.83,1035.58,Shipped
2202,10180,34,45.46,1545.64,Shipped
2203,10190,46,32.99,1517.54,Shipped
2204,10211,41,42.24,1731.84,Shipped
2205,10224,43,39.43,1695.49,Shipped
2206,10237,26,40.23,1045.98,Shipped
2207,10252,36,48.28,1738.08,Shipped
2208,10264,20,32.59,651.8,Shipped
2209,10276,27,36.61,988.47,Shipped
2210,10285,37,41.03,1518.11,Shipped
2211,10299,24,42.24,1013.76,Shipped
2212,10310,36,43.05,1549.8,Shipped
2213,10319,29,38.22,1108.38,Shipped
2214,10331,28,100.0,4102.56,Shipped
2215,10343,29,100.0,3713.16,Shipped
2216,10355,38,39.83,1513.54,Shipped
2217,10364,48,48.28,2317.44,Shipped
2218,10378,40,82.46,3298.4,Shipped
2219,10390,41,44.56,1826.96,Shipped
2220,10403,30,40.23,1206.9,Shipped
2221,10104,35,47.62,1666.7,Shipped
2222,10114,28,55.73,1560.44,Shipped
2223,10127,45,51.95,2337.75,Shipped
2224,10141,24,45.99,1103.76,Shipped
2225,10151,41,63.85,2617.85,Shipped
2226,10165,48,45.99,2207.52,Shipped
2227,10175,50,63.31,3165.5,Shipped
2228,10184,33,62.77,2071.41,Shipped
2229,10195,32,43.29,1385.28,Shipped
2230,10207,27,60.06,1621.62,Shipped
2231,10219,35,55.19,1931.65,Shipped
2232,10229,23,54.11,1244.53,Shipped
2233,10246,35,48.7,1704.5,Shipped
2234,10259,40,43.83,1753.2,Shipped
2235,10271,35,47.62,1666.7,Shipped
2236,10281,31,55.19,1710.89,Shipped
2237,10292,50,46.53,2326.5,Shipped
2238,10305,40,57.9,2316.0,Shipped
2239,10313,38,45.45,1727.1,Shipped
2240,10325,38,100.0,8844.12,Shipped
2241,10335,40,60.6,2424.0,Shipped
2242,10349,33,46.53,1535.49,Shipped
2243,10359,36,100.0,6358.68,Shipped
2244,10371,20,66.47,1329.4,Shipped
2245,10383,32,53.18,1701.76,Shipped
2246,10394,36,62.77,2259.72,Shipped
2247,10412,19,48.7,925.3,Shipped
2248,10425,11,43.83,482.13,In Process
2249,10104,49,65.87,3227.63,Shipped
2250,10116,27,63.38,1711.26,Shipped
2251,10127,29,70.84,2054.36,Shipped
2252,10142,42,74.57,3131.94,Shipped
2253,10152,33,50.95,1681.35,Shipped
2254,10165,44,53.44,2351.36,Shipped
2255,10176,22,64.0,1408.0,Shipped
2256,10184,48,50.95,2445.6,Shipped
2257,10195,33,54.68,1804.44,Shipped
2258,10207,45,56.55,2544.75,Shipped
2259,10220,20,52.82,1056.4,Shipped
2260,10230,46,60.9,2801.4,Shipped
2261,10247,40,49.71,1988.4,Shipped
2262,10272,45,64.63,2908.35,Shipped
2263,10282,36,59.65,2147.4,Shipped
2264,10292,31,67.73,2099.63,Shipped
2265,10306,46,50.33,2315.18,Shipped
2266,10314,35,66.49,2327.15,Shipped
2267,10325,28,100.0,5377.4,Shipped
2268,10336,31,84.71,2626.01,Shipped
2269,10350,27,100.0,4406.4,Shipped
2270,10359,22,100.0,4301.22,Shipped
2271,10371,30,99.55,2986.5,Shipped
2272,10383,44,36.07,1587.08,Shipped
2273,10394,30,60.28,1808.4,Shipped
2274,10413,24,49.71,1193.04,Shipped
2275,10103,45,75.63,3403.35,Shipped
2276,10113,23,68.52,1575.96,Shipped
2277,10126,26,62.7,1630.2,Shipped
2278,10140,28,60.76,1701.28,Shipped
2279,10150,49,58.18,2850.82,Shipped
2280,10164,49,54.94,2692.06,Resolved
2281,10175,29,74.98,2174.42,Shipped
2282,10183,49,64.64,3167.36,Shipped
2283,10194,39,54.94,2142.66,Shipped
2284,10206,36,58.82,2117.52,Shipped
2285,10217,39,62.05,2419.95,Shipped
2286,10229,30,73.04,2191.2,Shipped
2287,10245,44,69.16,3043.04,Shipped
2288,10258,20,61.41,1228.2,Shipped
2289,10270,21,63.35,1330.35,Shipped
2290,10281,36,77.57,2792.52,Shipped
2291,10291,32,71.75,2296.0,Shipped
2292,10304,36,73.04,2629.44,Shipped
2293,10313,34,56.24,1912.16,Shipped
2294,10324,48,100.0,8209.44,Shipped
2295,10333,33,73.69,2431.77,Shipped
2296,10348,31,100.0,3139.99,Shipped
2297,10358,36,100.0,5669.64,Shipped
2298,10370,25,100.0,3160.25,Shipped
2299,10382,48,100.0,6799.68,Shipped
2300,10411,27,69.16,1867.32,Shipped
2301,10424,44,61.41,2702.04,In Process
2302,10106,33,72.92,2406.36,Shipped
2303,10120,29,72.23,2094.67,Shipped
2304,10133,49,57.1,2797.9,Shipped
2305,10144,20,81.86,1637.2,Shipped
2306,10168,31,73.61,2281.91,Shipped
2307,10210,39,59.16,2307.24,Shipped
2308,10223,20,66.04,1320.8,Shipped
2309,10235,34,77.73,2642.82,Shipped
2310,10250,50,61.22,3061.0,Shipped
2311,10262,40,79.11,3164.4,Cancelled
2312,10275,28,63.97,1791.16,Shipped
2313,10284,50,81.86,4093.0,Shipped
2314,10297,28,79.8,2234.4,Shipped
2315,10308,46,66.04,3037.84,Shipped
2316,10316,24,59.16,1419.84,Shipped
2317,10328,24,81.17,1948.08,Shipped
2318,10340,39,59.16,2307.24,Shipped
2319,10353,40,44.51,1780.4,Shipped
2320,10361,49,72.33,3544.17,Shipped
2321,10375,44,82.26,3619.44,Shipped
2322,10388,35,100.0,3918.95,Shipped
2323,10398,22,67.41,1483.02,Shipped
2324,10401,62,77.73,4819.26,On Hold
2325,10416,26,61.22,1591.72,Shipped
2326,10108,31,100.0,3669.78,Shipped
2327,10121,25,86.74,2168.5,Shipped
2328,10135,30,89.8,2694.0,Shipped
2329,10145,27,100.0,3251.34,Shipped
2330,10159,23,100.0,2347.15,Shipped
2331,10169,34,100.0,3920.88,Shipped
2332,10180,22,100.0,2514.6,Shipped
2333,10190,42,85.72,3600.24,Shipped
2334,10211,37,100.0,4040.03,Shipped
2335,10224,30,100.0,3336.9,Shipped
2336,10237,27,100.0,3113.64,Shipped
2337,10252,25,100.0,2832.0,Shipped
2338,10264,34,97.97,3330.98,Shipped
2339,10276,38,100.0,4304.64,Shipped
2340,10285,26,100.0,2600.26,Shipped
2341,10299,38,100.0,4382.16,Shipped
2342,10309,50,84.7,4235.0,Shipped
2343,10319,22,100.0,2626.8,Shipped
2344,10331,32,100.0,5026.56,Shipped
2345,10341,31,71.02,2201.62,Shipped
2346,10355,40,100.0,4326.8,Shipped
2347,10365,22,100.0,3425.18,Shipped
2348,10375,41,100.0,4701.88,Shipped
2349,10390,45,48.98,2204.1,Shipped
2350,10403,45,100.0,5189.4,Shipped
2351,10106,39,40.15,1565.85,Shipped
2352,10120,49,50.62,2480.38,Shipped
2353,10133,27,50.19,1355.13,Shipped
2354,10143,34,36.66,1246.44,Shipped
2355,10156,20,41.02,820.4,Shipped
2356,10168,48,51.93,2492.64,Shipped
2357,10199,29,38.4,1113.6,Shipped
2358,10210,43,41.02,1763.86,Shipped
2359,10223,41,46.26,1896.66,Shipped
2360,10235,41,35.35,1449.35,Shipped
2361,10250,36,51.93,1869.48,Shipped
2362,10262,49,37.97,1860.53,Cancelled
2363,10275,38,45.39,1724.82,Shipped
2364,10284,33,51.93,1713.69,Shipped
2365,10296,26,48.44,1259.44,Shipped
2366,10308,47,43.64,2051.08,Shipped
2367,10316,34,47.57,1617.38,Shipped
2368,10328,34,51.93,1765.62,Shipped
2369,10340,40,50.62,2024.8,Shipped
2370,10353,40,82.21,3288.4,Shipped
2371,10361,33,82.59,2725.47,Shipped
2372,10375,49,65.8,3224.2,Shipped
2373,10388,27,100.0,3211.38,Shipped
2374,10398,49,36.66,1796.34,Shipped
2375,10401,56,35.35,1979.6,On Hold
2376,10416,37,51.93,1921.41,Shipped
2377,10104,33,100.0,3705.24,Shipped
2378,10115,27,100.0,2843.91,Shipped
2379,10127,46,100.0,6176.42,Shipped
2380,10141,44,100.0,5500.44,Shipped
2381,10151,26,100.0,3220.1,Shipped
2382,10165,48,94.92,4556.16,Shipped
2383,10176,23,100.0,3114.89,Shipped
2384,10184,45,100.0,4948.2,Shipped
2385,10195,49,100.0,5161.17,Shipped
2386,10207,28,94.92,2657.76,Shipped
2387,10220,37,100.0,3983.05,Shipped
2388,10230,34,100.0,3974.94,Shipped
2389,10246,22,100.0,2928.42,Shipped
2390,10259,29,100.0,3054.57,Shipped
2391,10271,34,98.39,3345.26,Shipped
2392,10282,38,100.0,4310.72,Shipped
2393,10292,41,100.0,4983.14,Shipped
2394,10305,42,100.0,4618.32,Shipped
2395,10314,28,100.0,3403.12,Shipped
2396,10325,38,100.0,5190.42,Shipped
2397,10336,23,100.0,3141.57,Shipped
2398,10350,31,71.4,2213.4,Shipped
2399,10359,46,100.0,4896.7,Shipped
2400,10371,48,56.55,2714.4,Shipped
2401,10383,29,100.0,3087.05,Shipped
2402,10395,46,100.0,5692.96,Shipped
2403,10412,26,100.0,3460.86,Shipped
2404,10425,18,100.0,1895.94,In Process
2405,10104,32,53.31,1705.92,Shipped
2406,10117,21,49.21,1033.41,Shipped
2407,10127,46,69.12,3179.52,Shipped
2408,10142,42,49.79,2091.18,Shipped
2409,10153,31,57.41,1779.71,Shipped
2410,10165,38,66.78,2537.64,Shipped
2411,10176,38,64.44,2448.72,Shipped
2412,10185,20,48.62,972.4,Shipped
2413,10196,46,62.09,2856.14,Shipped
2414,10208,30,65.61,1968.3,Shipped
2415,10220,30,68.54,2056.2,Shipped
2416,10230,43,52.14,2242.02,Shipped
2417,10247,49,63.85,3128.65,Shipped
2418,10272,43,56.82,2443.26,Shipped
2419,10282,37,66.78,2470.86,Shipped
2420,10292,35,55.07,1927.45,Shipped
2421,10306,34,60.34,2051.56,Shipped
2422,10314,38,61.51,2337.38,Shipped
2423,10325,44,100.0,5932.96,Shipped
2424,10337,21,100.0,2296.77,Shipped
2425,10350,44,100.0,6490.88,Shipped
2426,10359,25,64.93,1623.25,Shipped
2427,10372,24,58.58,1405.92,Shipped
2428,10383,38,60.06,2282.28,Shipped
2429,10395,45,100.0,8977.05,Shipped
2430,10413,51,63.85,3256.35,Shipped
2431,10108,34,82.99,2821.66,Shipped
2432,10121,44,74.85,3293.4,Shipped
2433,10135,44,96.0,4224.0,Shipped
2434,10145,38,81.36,3091.68,Shipped
2435,10159,31,71.6,2219.6,Shipped
2436,10169,48,80.55,3866.4,Shipped
2437,10180,21,93.56,1964.76,Shipped
2438,10190,40,66.72,2668.8,Shipped
2439,10211,40,80.55,3222.0,Shipped
2440,10224,50,77.29,3864.5,Shipped
2441,10237,20,68.34,1366.8,Shipped
2442,10252,48,72.41,3475.68,Shipped
2443,10264,47,89.5,4206.5,Shipped
2444,10276,21,70.78,1486.38,Shipped
2445,10285,39,78.92,3077.88,Shipped
2446,10299,44,80.55,3544.2,Shipped
2447,10309,28,88.68,2483.04,Shipped
2448,10319,45,77.29,3478.05,Shipped
2449,10331,20,100.0,3657.8,Shipped
2450,10341,38,100.0,4682.36,Shipped
2451,10356,26,100.0,3937.7,Shipped
2452,10365,44,100.0,4984.32,Shipped
2453,10375,49,100.0,5406.66,Shipped
2454,10390,22,100.0,3491.18,Shipped
2455,10403,31,68.34,2118.54,Shipped
2456,10105,41,70.67,2897.47,Shipped
2457,10119,25,76.67,1916.75,Shipped
2458,10129,31,60.0,1860.0,Shipped
2459,10142,41,64.0,2624.0,Shipped
2460,10153,43,64.67,2780.81,Shipped
2461,10167,43,75.34,3239.62,Cancelled
2462,10177,24,76.0,1824.0,Shipped
2463,10185,21,54.0,1134.0,Shipped
2464,10197,23,64.67,1487.41,Shipped
2465,10208,38,74.67,2837.46,Shipped
2466,10222,31,62.67,1942.77,Shipped
2467,10233,36,70.67,2544.12,Shipped
2468,10248,36,71.34,2568.24,Cancelled
2469,10261,34,62.0,2108.0,Shipped
2470,10273,21,65.34,1372.14,Shipped
2471,10283,45,78.67,3540.15,Shipped
2472,10295,26,75.34,1958.84,Shipped
2473,10306,50,54.0,2700.0,Shipped
2474,10315,41,62.0,2542.0,Shipped
2475,10326,39,60.0,2340.0,Shipped
2476,10339,22,100.0,2816.44,Shipped
2477,10350,46,76.67,3526.82,Shipped
2478,10373,44,100.0,4627.92,Shipped
2479,10385,25,77.34,1933.5,Shipped
2480,10396,39,66.67,2600.13,Shipped
2481,10414,37,71.34,2639.58,On Hold
2482,10106,31,100.0,3312.97,Shipped
2483,10120,47,82.21,3863.87,Shipped
2484,10133,24,77.64,1863.36,Shipped
2485,10143,36,100.0,3945.96,Shipped
2486,10156,48,100.0,4954.08,Shipped
2487,10168,28,98.65,2762.2,Shipped
2488,10199,48,83.12,3989.76,Shipped
2489,10210,21,78.55,1649.55,Shipped
2490,10223,25,100.0,2534.75,Shipped
2491,10235,25,100.0,2580.25,Shipped
2492,10250,31,91.34,2831.54,Shipped
2493,10262,40,84.03,3361.2,Cancelled
2494,10275,32,89.51,2864.32,Shipped
2495,10284,24,83.12,1994.88,Shipped
2496,10296,42,100.0,4296.6,Shipped
2497,10308,21,100.0,2224.95,Shipped
2498,10316,34,82.21,2795.14,Shipped
2499,10328,27,100.0,2762.1,Shipped
2500,10340,30,88.6,2658.0,Shipped
2501,10353,39,100.0,5043.87,Shipped
2502,10361,20,60.54,1210.8,Shipped
2503,10375,37,81.87,3029.19,Shipped
2504,10388,46,100.0,10066.6,Shipped
2505,10398,47,87.69,4121.43,Shipped
2506,10401,11,100.0,1135.31,On Hold
2507,10416,23,91.34,2100.82,Shipped
2508,10105,29,70.15,2034.35,Shipped
2509,10117,38,79.68,3027.84,Shipped
2510,10128,32,97.0,3104.0,Shipped
2511,10142,43,84.01,3612.43,Shipped
2512,10153,31,87.48,2711.88,Shipped
2513,10166,29,100.0,3013.97,Shipped
2514,10177,31,88.34,2738.54,Shipped
2515,10185,30,94.4,2832.0,Shipped
2516,10196,50,94.4,4720.0,Shipped
2517,10208,40,80.55,3222.0,Shipped
2518,10221,23,97.0,2231.0,Shipped
2519,10232,26,88.34,2296.84,Shipped
2520,10248,40,100.0,4157.2,Cancelled
2521,10273,21,100.0,2146.2,Shipped
2522,10282,43,86.61,3724.23,Shipped
2523,10293,29,71.89,2084.81,Shipped
2524,10306,38,91.81,3488.78,Shipped
2525,10314,23,76.22,1753.06,Shipped
2526,10327,20,100.0,3469.2,Resolved
2527,10337,36,70.3,2530.8,Shipped
2528,10350,28,100.0,2924.32,Shipped
2529,10372,44,100.0,4496.8,Shipped
2530,10384,49,100.0,6397.44,Shipped
2531,10397,32,80.55,2577.6,Shipped
2532,10414,34,100.0,3533.62,On Hold
2533,10106,30,100.0,3177.3,Shipped
2534,10119,29,94.14,2730.06,Shipped
2535,10131,22,85.99,1891.78,Shipped
2536,10143,26,100.0,2612.48,Shipped
2537,10155,32,91.43,2925.76,Shipped
2538,10167,29,100.0,2940.02,Cancelled
2539,10178,34,96.86,3293.24,Shipped
2540,10186,24,99.57,2389.68,Shipped
2541,10197,24,90.52,2172.48,Shipped
2542,10209,33,88.71,2927.43,Shipped
2543,10222,26,100.0,2659.54,Shipped
2544,10249,40,95.95,3838.0,Shipped
2545,10262,44,94.14,4142.16,Cancelled
2546,10274,24,90.52,2172.48,Shipped
2547,10283,20,94.14,1882.8,Shipped
2548,10296,34,100.0,3477.86,Shipped
2549,10307,34,97.76,3323.84,Shipped
2550,10316,45,93.24,4195.8,Shipped
2551,10328,41,100.0,4156.58,Shipped
2552,10339,55,71.25,3918.75,Shipped
2553,10352,23,100.0,2352.67,Shipped
2554,10361,24,45.39,1089.36,Shipped
2555,10373,32,84.41,2701.12,Shipped
2556,10386,29,85.76,2487.04,Resolved
2557,10398,36,100.0,3910.32,Shipped
2558,10400,46,87.8,4038.8,Shipped
2559,10415,32,95.95,3070.4,Disputed
2560,10106,34,100.0,3763.46,Shipped
2561,10120,24,100.0,2584.8,Shipped
2562,10131,40,100.0,4427.6,Shipped
2563,10143,26,82.77,2152.02,Shipped
2564,10155,20,100.0,2353.4,Shipped
2565,10168,31,100.0,3431.39,Shipped
2566,10178,22,87.75,1930.5,Shipped
2567,10198,42,100.0,4774.56,Shipped
2568,10210,26,99.72,2592.72,Shipped
2569,10222,37,87.75,3246.75,Shipped
2570,10235,38,88.75,3372.5,Shipped
2571,10250,35,100.0,3909.15,Shipped
2572,10262,33,90.75,2994.75,Cancelled
2573,10275,39,100.0,4472.52,Shipped
2574,10284,45,100.0,4576.95,Shipped
2575,10296,24,100.0,2441.04,Shipped
2576,10308,35,88.75,3106.25,Shipped
2577,10316,23,100.0,2706.41,Shipped
2578,10328,37,100.0,4021.53,Shipped
2579,10340,55,87.75,4826.25,Shipped
2580,10352,49,100.0,4935.28,Shipped
2581,10361,26,100.0,2754.7,Shipped
2582,10375,33,100.0,3856.71,Shipped
2583,10386,37,83.84,3102.08,Resolved
2584,10398,22,86.76,1908.72,Shipped
2585,10401,85,88.75,7543.75,On Hold
2586,10416,22,100.0,2457.18,Shipped
2587,10105,31,65.77,2038.87,Shipped
2588,10119,38,65.77,2499.26,Shipped
2589,10129,45,85.29,3838.05,Shipped
2590,10143,31,85.29,2643.99,Shipped
2591,10154,36,64.33,2315.88,Shipped
2592,10167,46,70.11,3225.06,Cancelled
2593,10177,32,76.62,2451.84,Shipped
2594,10185,39,57.82,2254.98,Shipped
2595,10197,50,78.79,3939.5,Shipped
2596,10208,46,74.45,3424.7,Shipped
2597,10222,36,80.95,2914.2,Shipped
2598,10233,29,82.4,2389.6,Shipped
2599,10248,32,75.89,2428.48,Cancelled
2600,10261,44,68.67,3021.48,Shipped
2601,10273,42,62.16,2610.72,Shipped
2602,10283,47,65.77,3091.19,Shipped
2603,10295,44,58.55,2576.2,Shipped
2604,10306,43,75.17,3232.31,Shipped
2605,10316,48,74.45,3573.6,Shipped
2606,10327,21,96.31,2022.51,Resolved
2607,10339,50,74.35,3717.5,Shipped
2608,10350,29,75.35,2185.15,Shipped
2609,10373,41,70.33,2883.53,Shipped
2610,10386,37,100.0,5017.57,Resolved
2611,10397,22,66.5,1463.0,Shipped
2612,10414,31,75.89,2352.59,On Hold
2613,10103,42,100.0,4460.82,Shipped
2614,10114,42,100.0,4758.18,Shipped
2615,10126,45,100.0,4597.2,Shipped
2616,10140,36,100.0,4114.8,Shipped
2617,10150,20,100.0,2104.0,Shipped
2618,10164,39,81.93,3195.27,Resolved
2619,10175,42,85.98,3611.16,Shipped
2620,10183,23,86.99,2000.77,Shipped
2621,10194,26,89.01,2314.26,Shipped
2622,10206,33,100.0,3871.89,Shipped
2623,10217,31,88.0,2728.0,Shipped
2624,10229,50,100.0,5614.0,Shipped
2625,10245,44,100.0,4628.8,Shipped
2626,10258,45,80.92,3641.4,Shipped
2627,10270,46,88.0,4048.0,Shipped
2628,10281,27,85.98,2321.46,Shipped
2629,10291,28,100.0,3256.96,Shipped
2630,10304,40,100.0,4208.0,Shipped
2631,10313,30,99.13,2973.9,Shipped
2632,10324,34,100.0,4248.3,Shipped
2633,10336,46,100.0,9558.8,Shipped
2634,10348,32,82.83,2650.56,Shipped
2635,10358,27,100.0,3761.37,Shipped
2636,10371,34,100.0,4301.34,Shipped
2637,10382,34,54.84,1864.56,Shipped
2638,10411,34,100.0,3576.8,Shipped
2639,10424,46,80.92,3722.32,In Process
2640,10106,32,100.0,3986.56,Shipped
2641,10120,24,100.0,3417.12,Shipped
2642,10133,27,99.67,2691.09,Shipped
2643,10145,20,100.0,2752.6,Shipped
2644,10168,36,100.0,4527.72,Shipped
2645,10188,29,100.0,3957.05,Shipped
2646,10210,25,100.0,2818.0,Shipped
2647,10223,29,100.0,3199.86,Shipped
2648,10235,25,96.11,2402.75,Shipped
2649,10250,44,100.0,6055.72,Shipped
2650,10263,47,100.0,5465.16,Shipped
2651,10275,48,100.0,6378.72,Shipped
2652,10285,45,100.0,5392.8,Shipped
2653,10297,35,100.0,3986.5,Shipped
2654,10308,31,100.0,4009.23,Shipped
2655,10318,50,100.0,7119.0,Shipped
2656,10328,33,100.0,4072.2,Shipped
2657,10340,29,100.0,4094.51,Shipped
2658,10353,48,68.8,3302.4,Shipped
2659,10361,44,72.42,3186.48,Shipped
2660,10375,25,66.73,1668.25,Shipped
2661,10388,50,100.0,7154.5,Shipped
2662,10398,23,100.0,2810.83,Shipped
2663,10401,21,96.11,2018.31,On Hold
2664,10416,41,100.0,5642.83,Shipped
2665,10106,44,74.4,3273.6,Shipped
2666,10120,43,76.0,3268.0,Shipped
2667,10143,28,96.0,2688.0,Shipped
2668,10155,43,86.4,3715.2,Shipped
2669,10168,48,96.0,4608.0,Shipped
2670,10199,38,82.4,3131.2,Shipped
2671,10210,31,86.4,2678.4,Shipped
2672,10223,26,67.2,1747.2,Shipped
2673,10235,32,92.0,2944.0,Shipped
2674,10250,44,67.2,2956.8,Shipped
2675,10262,27,76.0,2052.0,Cancelled
2676,10275,43,73.6,3164.8,Shipped
2677,10284,25,69.6,1740.0,Shipped
2678,10296,22,80.8,1777.6,Shipped
2679,10308,21,87.2,1831.2,Shipped
2680,10316,48,75.2,3609.6,Shipped
2681,10328,33,64.0,2112.0,Shipped
2682,10341,34,100.0,3644.12,Shipped
2683,10353,43,81.95,3523.85,Shipped
2684,10361,44,100.0,5001.92,Shipped
2685,10375,44,100.0,5208.72,Shipped
2686,10386,32,94.34,3018.88,Resolved
2687,10398,29,65.6,1902.4,Shipped
2688,10401,77,92.0,7084.0,On Hold
2689,10416,39,67.2,2620.8,Shipped
2690,10105,39,81.14,3164.46,Shipped
2691,10118,36,100.0,4219.2,Shipped
2692,10129,42,91.15,3828.3,Shipped
2693,10142,21,100.0,2334.99,Shipped
2694,10153,50,88.15,4407.5,Shipped
2695,10167,24,100.0,2812.8,Cancelled
2696,10177,44,92.16,4055.04,Shipped
2697,10185,37,100.0,3891.66,Shipped
2698,10197,27,92.16,2488.32,Shipped
2699,10208,37,100.0,4447.4,Shipped
2700,10222,38,100.0,4187.22,Shipped
2701,10232,48,96.16,4615.68,Shipped
2702,10248,30,100.0,3245.4,Cancelled
2703,10261,25,88.15,2203.75,Shipped
2704,10273,40,86.15,3446.0,Shipped
2705,10283,22,88.15,1939.3,Shipped
2706,10295,34,100.0,3473.78,Shipped
2707,10306,32,90.15,2884.8,Shipped
2708,10315,31,86.15,2670.65,Shipped
2709,10327,43,80.0,3440.0,Resolved
2710,10337,31,89.38,2770.78,Shipped
2711,10350,31,77.34,2397.54,Shipped
2712,10373,34,96.34,3275.56,Shipped
2713,10386,45,92.08,4143.6,Resolved
2714,10397,48,100.0,5192.64,Shipped
2715,10414,28,100.0,3029.04,On Hold
2716,10105,22,100.0,2556.18,Shipped
2717,10117,45,83.42,3753.9,Shipped
2718,10129,30,85.41,2562.3,Shipped
2719,10142,38,85.41,3245.58,Shipped
2720,10153,20,100.0,2204.6,Shipped
2721,10167,28,100.0,3003.0,Cancelled
2722,10177,24,100.0,2526.48,Shipped
2723,10185,22,79.45,1747.9,Shipped
2724,10197,35,93.35,3267.25,Shipped
2725,10208,33,85.41,2818.53,Shipped
2726,10222,31,95.34,2955.54,Shipped
2727,10232,35,82.43,2885.05,Shipped
2728,10248,35,90.37,3162.95,Cancelled
2729,10261,50,81.43,4071.5,Shipped
2730,10273,26,100.0,2969.46,Shipped
2731,10283,38,89.38,3396.44,Shipped
2732,10294,45,100.0,4692.6,Shipped
2733,10306,30,100.0,3515.7,Shipped
2734,10315,37,91.37,3380.69,Shipped
2735,10327,37,86.61,3204.57,Resolved
2736,10337,36,71.89,2588.04,Shipped
2737,10350,25,100.0,2854.75,Shipped
2738,10373,37,100.0,4025.6,Shipped
2739,10386,30,95.48,2864.4,Resolved
2740,10397,36,100.0,3789.72,Shipped
2741,10414,27,90.37,2439.99,On Hold
2742,10106,48,61.44,2949.12,Shipped
2743,10119,26,59.22,1539.72,Shipped
2744,10131,26,85.13,2213.38,Shipped
2745,10143,34,85.87,2919.58,Shipped
2746,10155,44,85.87,3778.28,Shipped
2747,10168,39,82.91,3233.49,Shipped
2748,10178,45,76.25,3431.25,Shipped
2749,10198,40,63.67,2546.8,Shipped
2750,10210,42,70.33,2953.86,Shipped
2751,10222,43,74.03,3183.29,Shipped
2752,10235,34,72.55,2466.7,Shipped
2753,10250,38,62.19,2363.22,Shipped
2754,10262,35,71.07,2487.45,Cancelled
2755,10275,31,72.55,2249.05,Shipped
2756,10284,32,64.41,2061.12,Shipped
2757,10296,47,86.62,4071.14,Shipped
2758,10308,39,68.11,2656.29,Shipped
2759,10316,44,62.19,2736.36,Shipped
2760,10328,39,85.87,3348.93,Shipped
2761,10339,50,57.86,2893.0,Shipped
2762,10352,22,75.51,1661.22,Shipped
2763,10361,35,100.0,4277.35,Shipped
2764,10373,45,55.62,2502.9,Shipped
2765,10386,44,86.4,3801.6,Resolved
2766,10398,36,87.36,3144.96,Shipped
2767,10401,28,72.55,2031.4,On Hold
2768,10416,43,62.19,2674.17,Shipped
2769,10106,48,52.64,2526.72,Shipped
2770,10119,28,48.17,1348.76,Shipped
2771,10131,21,41.71,875.91,Shipped
2772,10143,37,50.65,1874.05,Shipped
2773,10155,34,49.16,1671.44,Shipped
2774,10167,40,41.71,1668.4,Cancelled
2775,10178,45,51.15,2301.75,Shipped
2776,10186,28,52.14,1459.92,Shipped
2777,10197,29,41.71,1209.59,Shipped
2778,10209,48,44.69,2145.12,Shipped
2779,10222,31,45.69,1416.39,Shipped
2780,10249,32,57.61,1843.52,Shipped
2781,10262,21,57.11,1199.31,Cancelled
2782,10274,32,58.6,1875.2,Shipped
2783,10283,43,57.61,2477.23,Shipped
2784,10296,21,45.19,948.99,Shipped
2785,10307,34,53.63,1823.42,Shipped
2786,10316,34,43.7,1485.8,Shipped
2787,10329,44,86.13,3789.72,Shipped
2788,10339,27,76.31,2060.37,Shipped
2789,10352,49,52.64,2579.36,Shipped
2790,10361,23,95.2,2189.6,Shipped
2791,10373,25,64.97,1624.25,Shipped
2792,10386,50,87.15,4357.5,Resolved
2793,10398,34,40.22,1367.48,Shipped
2794,10400,20,56.12,1122.4,Shipped
2795,10415,42,57.61,2419.62,Disputed
2796,10105,25,56.78,1419.5,Shipped
2797,10117,50,43.68,2184.0,Shipped
2798,10129,32,64.97,2079.04,Shipped
2799,10142,39,44.23,1724.97,Shipped
2800,10153,50,60.06,3003.0,Shipped
2801,10167,38,48.59,1846.42,Cancelled
2802,10177,40,50.23,2009.2,Shipped
2803,10185,28,64.43,1804.04,Shipped
2804,10197,42,50.23,2109.66,Shipped
2805,10208,42,63.88,2682.96,Shipped
2806,10222,36,63.34,2280.24,Shipped
2807,10232,24,49.69,1192.56,Shipped
2808,10248,23,65.52,1506.96,Cancelled
2809,10261,29,50.78,1472.62,Shipped
2810,10273,37,45.86,1696.82,Shipped
2811,10283,33,51.32,1693.56,Shipped
2812,10293,32,60.06,1921.92,Shipped
2813,10306,35,59.51,2082.85,Shipped
2814,10315,40,55.69,2227.6,Shipped
2815,10327,37,86.74,3209.38,Resolved
2816,10337,42,97.16,4080.72,Shipped
2817,10350,20,100.0,2244.4,Shipped
2818,10373,29,100.0,3978.51,Shipped
2819,10386,43,100.0,5417.57,Resolved
2820,10397,34,62.24,2116.16,Shipped
2821,10414,47,65.52,3079.44,On Hold
